[Licensing::Module] Trying to connect to existing licensing client channel...
Built from '6000.5/staging' branch; Version is '6000.5.1f1 (0d9463e84828) revision 889955'; Using compiler version '194234433'; Build Type 'Release'
[Licensing::IpcConnector] Successfully connected to: "LicenseClient-Michael" at "2026-07-02T18:00:23.0285953Z"
OS: 'Windows 11  (10.0.26200) Professional' Language: 'nl' Physical Memory: 32581 MB
BatchMode: 0, IsHumanControllingUs: 1, StartBugReporterOnCrash: 1, Is64bit: 1
System  architecture: x64
Process architecture: x64
Date: 2026-07-02T18:00:23Z

COMMAND LINE ARGUMENTS:
C:\Program Files\Unity\Hub\Editor\6000.5.1f1\Editor\Unity.exe
-projectpath
C:\Users\Michael\OneDrive\Documenten\GitHub\realtest-Unity
-acceptSoftwareTermsForThisRunOnly
-useHub
-hubIPC
-cloudEnvironment
production
-licensingIpc
LicenseClient-Michael
-hubSessionId
33ede76f-3d95-4c39-be8f-d6b1f40dbc26
-accessToken
C1w0mel-lOWQH5QD1NHxiLvZoTEqf2VHgFBjX6UAiMc008f
Successfully changed project path to: C:\Users\Michael\OneDrive\Documenten\GitHub\realtest-Unity
C:/Users/Michael/OneDrive/Documenten/GitHub/realtest-Unity
[UnityMemory] Configuration Parameters - Can be set up in boot.config
    "memorysetup-temp-allocator-size-gi-baking-worker=262144"
    "memorysetup-temp-allocator-size-gi-baking-worker=262144"
    "memorysetup-temp-allocator-size-gi-baking-worker=262144"
    "memorysetup-temp-allocator-size-gi-baking-worker=262144"
    "memorysetup-temp-allocator-size-gi-baking-worker=262144"
    "memorysetup-temp-allocator-size-nav-mesh-worker=65536"
    "memorysetup-temp-allocator-size-audio-worker=65536"
    "memorysetup-temp-allocator-size-cloud-worker=32768"
    "memorysetup-temp-allocator-size-gfx=262144"
    "memorysetup-temp-allocator-size-preload-manager=33554432"
    "memorysetup-allocator-temp-initial-block-size-main=262144"
    "memorysetup-allocator-temp-initial-block-size-worker=262144"
    "memorysetup-temp-allocator-size-job-worker=262144"
    "memorysetup-temp-allocator-size-background-worker=32768"
    "memorysetup-bucket-allocator-granularity=16"
    "memorysetup-bucket-allocator-bucket-count=8"
    "memorysetup-bucket-allocator-block-size=33554432"
    "memorysetup-bucket-allocator-block-count=8"
    "memorysetup-main-allocator-block-size=16777216"
    "memorysetup-thread-allocator-block-size=16777216"
    "memorysetup-main-allocator-mimalloc-enabled=0"
    "memorysetup-gfx-main-allocator-block-size=16777216"
    "memorysetup-gfx-thread-allocator-block-size=16777216"
    "memorysetup-cache-allocator-block-size=4194304"
    "memorysetup-typetree-allocator-block-size=2097152"
    "memorysetup-profiler-bucket-allocator-granularity=16"
    "memorysetup-profiler-bucket-allocator-bucket-count=8"
    "memorysetup-profiler-bucket-allocator-block-size=33554432"
    "memorysetup-profiler-bucket-allocator-block-count=8"
    "memorysetup-profiler-allocator-block-size=16777216"
    "memorysetup-profiler-editor-allocator-block-size=1048576"
    "memorysetup-temp-allocator-size-main=16777216"
    "memorysetup-job-temp-allocator-block-size=2097152"
    "memorysetup-job-temp-allocator-block-size-background=1048576"
    "memorysetup-job-temp-allocator-reduction-small-platforms=262144"
Player connection [28364]  Target information:

Player connection [28364]  * "[IP] 192.168.0.250 [Port] 55504 [Flags] 2 [Guid] 94856856 [EditorId] 94856856 [Version] 1048832 [Id] WindowsEditor(7,DESKTOP-DHA7HI4) [Debug] 1 [PackageName] WindowsEditor [ProjectName] Editor" 

Player connection [28364] Host joined multi-casting on [225.0.0.222:54997]...
Player connection [28364] Host joined alternative multi-casting on [225.0.0.222:34997]...
Input System module state changed to: Initialized.
[Physics::Module] Initialized fallback backend.
[Physics::Module] Id: 0xdecafbad
[Package Manager] Connected to IPC stream "Upm-22032" after 0.2 seconds.
[Licensing::Module] Licensing is not yet initialized.
[Licensing::Client] Error: HandshakeResponse reported an error:
	ResponseCode: 505
	ResponseStatus: Unsupported protocol version '1.18.1'.
[Licensing::Module] Error: Failed to handshake to channel: "LicenseClient-Michael"
[Licensing::IpcConnector] LicenseClient-Michael channel disconnected successfully.
[Licensing::IpcConnector] Channel LicenseClient-Michael-6000.5.1 doesn't exist
[Licensing::Module] Successfully launched the LicensingClient (PId: 27684)
Starting IPC server.
Waiting for clients to connect on \\.\pipe\Unity-LicenseClient-Michael-6000.5.1, press Ctrl-C to exit.
[Licensing::IpcConnector] Successfully connected to: "LicenseClient-Michael-6000.5.1" at "2026-07-02T18:00:23.9984616Z"
[Licensing::Client] Code 10 while verifying Licensing Client signature (process Id: 27684, path: "C:/Program Files/Unity/Hub/Editor/6000.5.1f1/Editor/Data/Resources/Licensing/Client/Unity.Licensing.Client.exe")
[Licensing::Module] LicensingClient has failed validation; ignoring
[Licensing::Client] Handshaking with LicensingClient:
  Version:                 1.18.1+9fbee8e
  Session Id:              7d28c319f92548f4be26d98977c2edc8
  Correlation Id:          5e551d391758593bb4f4279a1de0f3e8
  External correlation Id: 986826052490236831
  Machine Id:              lB7Fvni8nJ/INhYfLhxcb6TA0Qk=
[Licensing::Module] Successfully connected to LicensingClient on channel: "LicenseClient-Michael-6000.5.1" (connect: 0.24s, validation: 0.07s, handshake: 0.00s)
[Licensing::IpcConnector] Successfully connected to: "LicenseClient-Michael-6000.5.1-notifications" at "2026-07-02T18:00:24.0693192Z"
[Licensing::Module] Connected to LicensingClient (PId: 27684, launch time: 0.00, total connection time: 0.32s)
[Licensing::Client] Successfully updated the access token
[Licensing::Module] Successfully updated the access token C1w0mel-lO...
[Licensing::Client] Successfully resolved entitlement details
[Licensing::Module] License group:
  Id: F4-NNWG-DRBU-RUG9-SGUS-XXXX
  Product: Unity Personal
  Type: ULF
  Expiration: Unlimited
[Licensing::Module] License group:
  Id: 9072413380688-UnityPersXXXX
  Product: Unity Personal
  Type: Assigned
  Expiration: Unlimited
[Licensing::Client] Successfully updated license, isAsync: True, time: 0.01
[Licensing::Client] Successfully resolved entitlement details
[Licensing::Module] License group:
  Id: F4-NNWG-DRBU-RUG9-SGUS-XXXX
  Product: Unity Personal
  Type: ULF
  Expiration: Unlimited
[Licensing::Module] License group:
  Id: 9072413380688-UnityPersXXXX
  Product: Unity Personal
  Type: Assigned
  Expiration: Unlimited
[Licensing::Module] Licensing Background thread has ended after 1.08s
[Licensing::Module] Licensing is initialized (took 0.76s).
[Licensing::Client] Successfully resolved entitlement details
[Licensing::Module] License group:
  Id: F4-NNWG-DRBU-RUG9-SGUS-XXXX
  Product: Unity Personal
  Type: ULF
  Expiration: Unlimited
[Licensing::Module] License group:
  Id: 9072413380688-UnityPersXXXX
  Product: Unity Personal
  Type: Assigned
  Expiration: Unlimited
Library Redirect Path: Library/
Rebuilding Library because the asset database could not be found!
[Physics::Module] Selected backend.
[Physics::Module] Name: PhysX
[Physics::Module] Id: 0xf2b8ea05
[Physics::Module] SDK Version: 4.1.2
[Physics::Module] Integration Version: 1.0.0
[Physics::Module] Threading Mode: Multi-Threaded
Initialize engine version: 6000.5.1f1 (0d9463e84828)
[Subsystems] Discovering subsystems at path C:/Program Files/Unity/Hub/Editor/6000.5.1f1/Editor/Data/Resources/UnitySubsystems
[Subsystems] Discovering subsystems at path C:/Users/Michael/OneDrive/Documenten/GitHub/realtest-Unity/Assets
GfxDevice: creating device client; kGfxThreadingModeThreaded
Direct3D:
    Version:  Direct3D 11.0 [level 11.1]
    Renderer: NVIDIA GeForce RTX 4060 Ti (ID=0x2803)
    Vendor:   NVIDIA
    VRAM:     7949 MB
    Driver:   32.0.16.1062
Initialize mono
Mono path[0] = 'C:/Program Files/Unity/Hub/Editor/6000.5.1f1/Editor/Data/Managed'
Mono path[1] = 'C:/Program Files/Unity/Hub/Editor/6000.5.1f1/Editor/Data/BCLExtensions/runtime/netstandard2.1'
Mono path[2] = 'C:/Program Files/Unity/Hub/Editor/6000.5.1f1/Editor/Data/MonoBleedingEdge/lib/mono/unityjit-win32'
Mono config path = 'C:/Program Files/Unity/Hub/Editor/6000.5.1f1/Editor/Data/MonoBleedingEdge/etc'
Using monoOptions --debugger-agent=transport=dt_socket,embedding=1,server=y,suspend=n,address=127.0.0.1:56032
CodeReloadManager initialized
ImportWorker Server TCP listen port: 0
AcceleratorClientConnectionCallback - disconnected - :0
Begin MonoManager ReloadAssembly
Registering precompiled unity dll's ...
Register platform support module: C:/Program Files/Unity/Hub/Editor/6000.5.1f1/Editor/Data/PlaybackEngines/WebGLSupport/UnityEditor.WebGL.Extensions.dll
Register platform support module: C:/Program Files/Unity/Hub/Editor/6000.5.1f1/Editor/Data/PlaybackEngines/MacStandaloneSupport/UnityEditor.OSXStandalone.Extensions.dll
Register platform support module: C:/Program Files/Unity/Hub/Editor/6000.5.1f1/Editor/Data/PlaybackEngines/WindowsStandaloneSupport/UnityEditor.WindowsStandalone.Extensions.dll
Registered in 0.499312 seconds.
Native extension for WindowsStandalone target not found
Native extension for OSXStandalone target not found
Native extension for WebGL target not found
Package Manager log level set to [2]
ScheduleIndexationOnStartup MainProcess:False IndexOnStartup:False
Mono: successfully reloaded assembly
- Finished resetting the current domain, in  0.374 seconds
Domain Reload Profiling: 2831ms
	BeginReloadAssembly (286ms)
		CreateAndSetChildDomain (17ms)
	RebuildCommonClasses (5ms)
	RebuildNativeTypeToScriptingClass (170ms)
	initialDomainReloadingComplete (676ms)
	LoadAllAssembliesAndSetupDomain (1317ms)
		LoadAssemblies (274ms)
		AnalyzeDomain (1242ms)
			TypeCache.Refresh (1241ms)
				TypeCache.ScanAssembly (996ms)
	FinalizeReload (377ms)
		SetupLoadedEditorAssemblies (0ms)
			InitializePlatformSupportModulesInManaged (4ms)
			BeforeProcessingInitializeOnLoad (77ms)
			ProcessInitializeOnLoadAttributes (91ms)
			ProcessInitializeOnLoadMethodAttributes (142ms)
[Licensing::Client] Successfully resolved entitlement details
[Licensing::Module] License group:
  Id: F4-NNWG-DRBU-RUG9-SGUS-XXXX
  Product: Unity Personal
  Type: ULF
  Expiration: Unlimited
[Licensing::Module] License group:
  Id: 9072413380688-UnityPersXXXX
  Product: Unity Personal
  Type: Assigned
  Expiration: Unlimited
Application.AssetDatabase Initial Refresh Start
[Package Manager] The file [C:\Users\Michael\OneDrive\Documenten\GitHub\realtest-Unity\Packages\manifest.json] cannot be found
[Package Manager] The file [C:\Users\Michael\OneDrive\Documenten\GitHub\realtest-Unity\Packages\manifest.json] cannot be found
[Package Manager] The file [C:\Users\Michael\OneDrive\Documenten\GitHub\realtest-Unity\Packages\manifest.json] cannot be found
[Package Manager] Done resolving packages in 1.38 seconds
[Licensing::Client] Successfully resolved entitlement details
[Package Manager] Lock file was modified
[Package Manager] Registered 37 packages:
  Built-in packages:
    com.unity.multiplayer.center@1.0.1 (location: C:\Users\Michael\OneDrive\Documenten\GitHub\realtest-Unity\Library\PackageCache\com.unity.multiplayer.center@b860850997d0)
    com.unity.modules.accessibility@1.0.0 (location: C:\Users\Michael\OneDrive\Documenten\GitHub\realtest-Unity\Library\PackageCache\com.unity.modules.accessibility)
    com.unity.modules.adaptiveperformance@1.0.0 (location: C:\Users\Michael\OneDrive\Documenten\GitHub\realtest-Unity\Library\PackageCache\com.unity.modules.adaptiveperformance)
    com.unity.modules.ai@1.0.0 (location: C:\Users\Michael\OneDrive\Documenten\GitHub\realtest-Unity\Library\PackageCache\com.unity.modules.ai)
    com.unity.modules.androidjni@1.0.0 (location: C:\Users\Michael\OneDrive\Documenten\GitHub\realtest-Unity\Library\PackageCache\com.unity.modules.androidjni)
    com.unity.modules.animation@1.0.0 (location: C:\Users\Michael\OneDrive\Documenten\GitHub\realtest-Unity\Library\PackageCache\com.unity.modules.animation)
    com.unity.modules.assetbundle@1.0.0 (location: C:\Users\Michael\OneDrive\Documenten\GitHub\realtest-Unity\Library\PackageCache\com.unity.modules.assetbundle)
    com.unity.modules.audio@1.0.0 (location: C:\Users\Michael\OneDrive\Documenten\GitHub\realtest-Unity\Library\PackageCache\com.unity.modules.audio)
    com.unity.modules.cloth@1.0.0 (location: C:\Users\Michael\OneDrive\Documenten\GitHub\realtest-Unity\Library\PackageCache\com.unity.modules.cloth)
    com.unity.modules.director@1.0.0 (location: C:\Users\Michael\OneDrive\Documenten\GitHub\realtest-Unity\Library\PackageCache\com.unity.modules.director)
    com.unity.modules.imageconversion@1.0.0 (location: C:\Users\Michael\OneDrive\Documenten\GitHub\realtest-Unity\Library\PackageCache\com.unity.modules.imageconversion)
    com.unity.modules.imgui@1.0.0 (location: C:\Users\Michael\OneDrive\Documenten\GitHub\realtest-Unity\Library\PackageCache\com.unity.modules.imgui)
    com.unity.modules.jsonserialize@1.0.0 (location: C:\Users\Michael\OneDrive\Documenten\GitHub\realtest-Unity\Library\PackageCache\com.unity.modules.jsonserialize)
    com.unity.modules.particlesystem@1.0.0 (location: C:\Users\Michael\OneDrive\Documenten\GitHub\realtest-Unity\Library\PackageCache\com.unity.modules.particlesystem)
    com.unity.modules.physics@1.0.0 (location: C:\Users\Michael\OneDrive\Documenten\GitHub\realtest-Unity\Library\PackageCache\com.unity.modules.physics)
    com.unity.modules.physics2d@1.0.0 (location: C:\Users\Michael\OneDrive\Documenten\GitHub\realtest-Unity\Library\PackageCache\com.unity.modules.physics2d)
    com.unity.modules.physicscore2d@1.0.0 (location: C:\Users\Michael\OneDrive\Documenten\GitHub\realtest-Unity\Library\PackageCache\com.unity.modules.physicscore2d)
    com.unity.modules.screencapture@1.0.0 (location: C:\Users\Michael\OneDrive\Documenten\GitHub\realtest-Unity\Library\PackageCache\com.unity.modules.screencapture)
    com.unity.modules.terrain@1.0.0 (location: C:\Users\Michael\OneDrive\Documenten\GitHub\realtest-Unity\Library\PackageCache\com.unity.modules.terrain)
    com.unity.modules.terrainphysics@1.0.0 (location: C:\Users\Michael\OneDrive\Documenten\GitHub\realtest-Unity\Library\PackageCache\com.unity.modules.terrainphysics)
    com.unity.modules.tilemap@1.0.0 (location: C:\Users\Michael\OneDrive\Documenten\GitHub\realtest-Unity\Library\PackageCache\com.unity.modules.tilemap)
    com.unity.modules.ui@1.0.0 (location: C:\Users\Michael\OneDrive\Documenten\GitHub\realtest-Unity\Library\PackageCache\com.unity.modules.ui)
    com.unity.modules.uielements@1.0.0 (location: C:\Users\Michael\OneDrive\Documenten\GitHub\realtest-Unity\Library\PackageCache\com.unity.modules.uielements)
    com.unity.modules.umbra@1.0.0 (location: C:\Users\Michael\OneDrive\Documenten\GitHub\realtest-Unity\Library\PackageCache\com.unity.modules.umbra)
    com.unity.modules.unityanalytics@1.0.0 (location: C:\Users\Michael\OneDrive\Documenten\GitHub\realtest-Unity\Library\PackageCache\com.unity.modules.unityanalytics)
    com.unity.modules.unitywebrequest@1.0.0 (location: C:\Users\Michael\OneDrive\Documenten\GitHub\realtest-Unity\Library\PackageCache\com.unity.modules.unitywebrequest)
    com.unity.modules.unitywebrequestassetbundle@1.0.0 (location: C:\Users\Michael\OneDrive\Documenten\GitHub\realtest-Unity\Library\PackageCache\com.unity.modules.unitywebrequestassetbundle)
    com.unity.modules.unitywebrequestaudio@1.0.0 (location: C:\Users\Michael\OneDrive\Documenten\GitHub\realtest-Unity\Library\PackageCache\com.unity.modules.unitywebrequestaudio)
    com.unity.modules.unitywebrequesttexture@1.0.0 (location: C:\Users\Michael\OneDrive\Documenten\GitHub\realtest-Unity\Library\PackageCache\com.unity.modules.unitywebrequesttexture)
    com.unity.modules.unitywebrequestwww@1.0.0 (location: C:\Users\Michael\OneDrive\Documenten\GitHub\realtest-Unity\Library\PackageCache\com.unity.modules.unitywebrequestwww)
    com.unity.modules.vectorgraphics@1.0.0 (location: C:\Users\Michael\OneDrive\Documenten\GitHub\realtest-Unity\Library\PackageCache\com.unity.modules.vectorgraphics)
    com.unity.modules.vehicles@1.0.0 (location: C:\Users\Michael\OneDrive\Documenten\GitHub\realtest-Unity\Library\PackageCache\com.unity.modules.vehicles)
    com.unity.modules.video@1.0.0 (location: C:\Users\Michael\OneDrive\Documenten\GitHub\realtest-Unity\Library\PackageCache\com.unity.modules.video)
    com.unity.modules.wind@1.0.0 (location: C:\Users\Michael\OneDrive\Documenten\GitHub\realtest-Unity\Library\PackageCache\com.unity.modules.wind)
    com.unity.modules.xr@1.0.0 (location: C:\Users\Michael\OneDrive\Documenten\GitHub\realtest-Unity\Library\PackageCache\com.unity.modules.xr)
    com.unity.modules.subsystems@1.0.0 (location: C:\Users\Michael\OneDrive\Documenten\GitHub\realtest-Unity\Library\PackageCache\com.unity.modules.subsystems)
    com.unity.modules.hierarchycore@1.0.0 (location: C:\Users\Michael\OneDrive\Documenten\GitHub\realtest-Unity\Library\PackageCache\com.unity.modules.hierarchycore)
[Subsystems] No new subsystems found in resolved package list.
[Package Manager] Done registering packages in 0.00 seconds
AcceleratorClientConnectionCallback - disconnected - :0
[ScriptCompilation] Requested script compilation because: Assembly Definition File(s) changed
[ScriptCompilation] Requested script compilation because: AssetDatabase observed changes in script compilation related files
info: Microsoft.Hosting.Lifetime[14]
      Now listening on: http://localhost:80
info: Microsoft.Hosting.Lifetime[0]
      Application started. Press Ctrl+C to shut down.
info: Microsoft.Hosting.Lifetime[0]
      Hosting environment: Production
info: Microsoft.Hosting.Lifetime[0]
      Content root path: C:\Users\Michael\OneDrive\Documenten\GitHub\realtest-Unity
info: Microsoft.AspNetCore.Hosting.Diagnostics[1]
      Request starting HTTP/2 POST http://ilpp/UnityILPP.PostProcessing/Ping - application/grpc -
info: Microsoft.AspNetCore.Routing.EndpointMiddleware[0]
      Executing endpoint 'gRPC - /UnityILPP.PostProcessing/Ping'
info: Microsoft.AspNetCore.Routing.EndpointMiddleware[1]
      Executed endpoint 'gRPC - /UnityILPP.PostProcessing/Ping'
info: Microsoft.AspNetCore.Hosting.Diagnostics[2]
      Request finished HTTP/2 POST http://ilpp/UnityILPP.PostProcessing/Ping - 200 - application/grpc 40.9218ms
Starting: C:\Program Files\Unity\Hub\Editor\6000.5.1f1\Editor\Data\Tools\BuildPipeline\bee_backend.exe --ipc --defer-dag-verification --dagfile="Library/Bee/1900b0aE.dag" --continue-on-failure --profile="Library/Bee/backend1.traceevents" ScriptAssemblies
WorkingDir: C:/Users/Michael/OneDrive/Documenten/GitHub/realtest-Unity
ExitCode: 4 Duration: 0s56ms
[             ] Require frontend run.  Library/Bee/1900b0aE.dag couldn't be loaded
Starting: C:\Program Files\Unity\Hub\Editor\6000.5.1f1\Editor\Data\netcorerun\netcorerun.exe "C:\Program Files\Unity\Hub\Editor\6000.5.1f1\Editor\Data\Tools\BuildPipeline\ScriptCompilationBuildProgram.exe" "Library/Bee/1900b0aE.dag.json" "Library/Bee/1900b0aE-inputdata.json" "Library\Bee\buildprogram0.traceevents"
WorkingDir: C:/Users/Michael/OneDrive/Documenten/GitHub/realtest-Unity
ExitCode: 0 Duration: 1s724ms
Starting: C:\Program Files\Unity\Hub\Editor\6000.5.1f1\Editor\Data\Tools\BuildPipeline\bee_backend.exe --ipc --defer-dag-verification --dagfile="Library/Bee/1900b0aE.dag" --continue-on-failure --dagfilejson="Library\Bee\1900b0aE.dag.json" --profile="Library/Bee/backend2.traceevents" ScriptAssemblies
WorkingDir: C:/Users/Michael/OneDrive/Documenten/GitHub/realtest-Unity
ExitCode: 0 Duration: 3s970ms
Finished compiling graph: 174 nodes, 666 flattened edges (654 ToBuild, 4 ToUse), maximum node priority 24
[  1/171    0s] WriteText Library/Bee/artifacts/1900b0aE.dag/Unity.Multiplayer.Center.Common.rsp2
[  2/171    0s] WriteText Library/Bee/artifacts/1900b0aE.dag/Unity.Multiplayer.Center.Common.UnityAdditionalFile.txt
[  3/171    0s] MovedFromExtractor Library/Bee/artifacts/mvdfrm/UnityEditor.BuildProfileModule.dll_9F0D4092B449FEE2.mvfrm
[  4/171    0s] MovedFromExtractor Library/Bee/artifacts/mvdfrm/UnityEngine.XRModule.dll_A1F6675C219B2C5C.mvfrm
[  5/171    0s] MovedFromExtractor Library/Bee/artifacts/mvdfrm/UnityEngine.VehiclesModule.dll_AF8C466DCA28EF69.mvfrm
[  6/171    0s] MovedFromExtractor Library/Bee/artifacts/mvdfrm/UnityEditor.AccessibilityModule.dll_103D0F85DB7FF77B.mvfrm
[  7/171    0s] MovedFromExtractor Library/Bee/artifacts/mvdfrm/UnityEditor.AdaptivePerformanceModule.dll_0AA243AD896D8267.mvfrm
[  8/171    0s] MovedFromExtractor Library/Bee/artifacts/mvdfrm/UnityEditor.AssetComplianceModule.dll_2E644ECF05635C88.mvfrm
[  9/171    0s] MovedFromExtractor Library/Bee/artifacts/mvdfrm/UnityEditor.OSXStandalone.Extensions.dll_DF7FE1888E1E1265.mvfrm
[ 10/171    0s] MovedFromExtractor Library/Bee/artifacts/mvdfrm/UnityEditor.WindowsStandalone.Extensions.dll_940907C1C77599BA.mvfrm
[ 11/171    0s] MovedFromExtractor Library/Bee/artifacts/mvdfrm/UnityEditor.ClothModule.dll_1C792CBA23C7FEF7.mvfrm
[ 12/171    0s] MovedFromExtractor Library/Bee/artifacts/mvdfrm/UnityEngine.WindModule.dll_3C88790D18F1FBDA.mvfrm
[ 13/171    0s] MovedFromExtractor Library/Bee/artifacts/mvdfrm/Unity.Scripting.dll_394B9A74AC6FEDDB.mvfrm
[ 14/171    0s] MovedFromExtractor Library/Bee/artifacts/mvdfrm/UnityEditor.ContentLoadModule.dll_43AEA573DA6BE49C.mvfrm
[ 15/171    0s] MovedFromExtractor Library/Bee/artifacts/mvdfrm/UnityEngine.TextCoreFontEngineModule.dll_300254FC6B189BCF.mvfrm
[ 16/171    0s] MovedFromExtractor Library/Bee/artifacts/mvdfrm/UnityEngine.VectorGraphicsModule.dll_22C828397B086380.mvfrm
[ 17/171    0s] MovedFromExtractor Library/Bee/artifacts/mvdfrm/UnityEngine.VideoModule.dll_A0C7108E3DBA6C5D.mvfrm
[ 18/171    0s] MovedFromExtractor Library/Bee/artifacts/mvdfrm/UnityEditor.AIModule.dll_E2834E152EE2200F.mvfrm
[ 19/171    0s] MovedFromExtractor Library/Bee/artifacts/mvdfrm/UnityEditor.WebGL.Extensions.dll_F33CB28FC2543FCA.mvfrm
[ 20/171    0s] MovedFromExtractor Library/Bee/artifacts/mvdfrm/UnityEngine.VirtualTexturingModule.dll_431AB0040FB974CF.mvfrm
[ 21/171    0s] MovedFromExtractor Library/Bee/artifacts/mvdfrm/UnityEditor.iOS.Extensions.Xcode.dll_89C385CB3D3F4C78.mvfrm
[ 22/171    0s] MovedFromExtractor Library/Bee/artifacts/mvdfrm/UnityEngine.dll_BABEFFBAA4155154.mvfrm
[ 23/171    0s] MovedFromExtractor Library/Bee/artifacts/mvdfrm/UnityEngine.UnityWebRequestModule.dll_78C706AC877BD852.mvfrm
[ 24/171    0s] MovedFromExtractor Library/Bee/artifacts/mvdfrm/UnityEngine.UnityWebRequestAssetBundleModule.dll_BC086C39B3911044.mvfrm
[ 25/171    0s] MovedFromExtractor Library/Bee/artifacts/mvdfrm/UnityEngine.UnityConsentModule.dll_594C6943E0C07AF7.mvfrm
[ 26/171    0s] MovedFromExtractor Library/Bee/artifacts/mvdfrm/UnityEngine.U2DRuntimeModule.dll_C9B60320E6F1EB23.mvfrm
[ 27/171    0s] MovedFromExtractor Library/Bee/artifacts/mvdfrm/UnityEngine.UnityWebRequestTextureModule.dll_F29C255A2D332C9D.mvfrm
[ 28/171    0s] MovedFromExtractor Library/Bee/artifacts/mvdfrm/UnityEngine.VFXModule.dll_D1697AFFAD34328A.mvfrm
[ 29/171    0s] MovedFromExtractor Library/Bee/artifacts/mvdfrm/UnityEngine.UnityConnectModule.dll_87A6D217D3B5E4A7.mvfrm
[ 30/171    0s] MovedFromExtractor Library/Bee/artifacts/mvdfrm/UnityEngine.UnityAnalyticsModule.dll_AB2062CE95293F33.mvfrm
[ 31/171    0s] MovedFromExtractor Library/Bee/artifacts/mvdfrm/UnityEngine.UnityWebRequestWWWModule.dll_42ACD0C9EA5C1159.mvfrm
[ 32/171    0s] MovedFromExtractor Library/Bee/artifacts/mvdfrm/UnityEngine.UnityAnalyticsCommonModule.dll_E1D8AA7D4743618E.mvfrm
[ 33/171    0s] MovedFromExtractor Library/Bee/artifacts/mvdfrm/UnityEngine.UnityWebRequestAudioModule.dll_BE964117B3C58DC8.mvfrm
[ 34/171    0s] MovedFromExtractor Library/Bee/artifacts/mvdfrm/UnityEngine.TextCoreTextEngineModule.dll_77EA8B6DFA9C54ED.mvfrm
[ 35/171    0s] MovedFromExtractor Library/Bee/artifacts/mvdfrm/UnityEngine.UIModule.dll_1C657DD1F6A65986.mvfrm
[ 36/171    0s] MovedFromExtractor Library/Bee/artifacts/mvdfrm/UnityEngine.TerrainPhysicsModule.dll_8BFB9AD80244E7C4.mvfrm
[ 37/171    0s] MovedFromExtractor Library/Bee/artifacts/mvdfrm/UnityEditor.Graphs.dll_C85E313F9B3ED678.mvfrm
[ 38/171    0s] MovedFromExtractor Library/Bee/artifacts/mvdfrm/UnityEngine.UmbraModule.dll_F692383C084EFC2B.mvfrm
[ 39/171    0s] MovedFromExtractor Library/Bee/artifacts/mvdfrm/UnityEngine.TextRenderingModule.dll_3FBCAA791F578781.mvfrm
[ 40/171    0s] MovedFromExtractor Library/Bee/artifacts/mvdfrm/UnityEngine.UnityCurlModule.dll_D845F575FB61A333.mvfrm
[ 41/171    0s] MovedFromExtractor Library/Bee/artifacts/mvdfrm/UnityEngine.TilemapModule.dll_C74FD6B1D8A4EC80.mvfrm
[ 42/171    0s] MovedFromExtractor Library/Bee/artifacts/mvdfrm/UnityEngine.UIElementsModule.dll_FD1813C219C2B10D.mvfrm
[ 43/171    0s] MovedFromExtractor Library/Bee/artifacts/mvdfrm/UnityEngine.SubstanceModule.dll_366955DE26286692.mvfrm
[ 44/171    0s] MovedFromExtractor Library/Bee/artifacts/mvdfrm/UnityEngine.SpriteShapeModule.dll_C9BF491CD3C5853E.mvfrm
[ 45/171    0s] MovedFromExtractor Library/Bee/artifacts/mvdfrm/UnityEngine.SpriteMaskModule.dll_8E2C4BF8484E8D03.mvfrm
[ 46/171    0s] MovedFromExtractor Library/Bee/artifacts/mvdfrm/UnityEngine.TerrainModule.dll_28536F30C0E80B77.mvfrm
[ 47/171    0s] MovedFromExtractor Library/Bee/artifacts/mvdfrm/UnityEngine.TLSModule.dll_508AE290D6C6C91D.mvfrm
[ 48/171    0s] MovedFromExtractor Library/Bee/artifacts/mvdfrm/UnityEngine.StreamingModule.dll_59BE4194DAD56884.mvfrm
[ 49/171    0s] MovedFromExtractor Library/Bee/artifacts/mvdfrm/UnityEngine.ScriptingModule.dll_BC4AAD0B0AD55FF9.mvfrm
[ 50/171    0s] MovedFromExtractor Library/Bee/artifacts/mvdfrm/UnityEngine.ScreenCaptureModule.dll_167D386E6820078C.mvfrm
[ 51/171    0s] MovedFromExtractor Library/Bee/artifacts/mvdfrm/UnityEngine.SharedInternalsModule.dll_EB393DD7F3B53923.mvfrm
[ 52/171    0s] MovedFromExtractor Library/Bee/artifacts/mvdfrm/UnityEngine.ShaderVariantAnalyticsModule.dll_B356430AD8FF6818.mvfrm
[ 53/171    0s] MovedFromExtractor Library/Bee/artifacts/mvdfrm/UnityEngine.RenderAs2DModule.dll_1372DB2C7924A5FC.mvfrm
[ 54/171    0s] MovedFromExtractor Library/Bee/artifacts/mvdfrm/UnityEngine.PhysicsCore2DModule.dll_8A41D958B31D6F8A.mvfrm
[ 55/171    0s] MovedFromExtractor Library/Bee/artifacts/mvdfrm/UnityEngine.PropertiesModule.dll_D23B18A699CA5BC5.mvfrm
[ 56/171    0s] MovedFromExtractor Library/Bee/artifacts/mvdfrm/UnityEngine.SubsystemsModule.dll_F8D9B25A16967516.mvfrm
[ 57/171    0s] MovedFromExtractor Library/Bee/artifacts/mvdfrm/UnityEngine.RuntimeInitializeOnLoadManagerInitializerModule.dll_8ECC972AC82E4FA4.mvfrm
[ 58/171    0s] MovedFromExtractor Library/Bee/artifacts/mvdfrm/UnityEngine.PhysicsModule.dll_0E0CF3C1EB29C289.mvfrm
[ 59/171    0s] MovedFromExtractor Library/Bee/artifacts/mvdfrm/UnityEngine.PerformanceReportingModule.dll_4699ED392D5AC330.mvfrm
[ 60/171    0s] MovedFromExtractor Library/Bee/artifacts/mvdfrm/UnityEngine.ParticleSystemModule.dll_8B80F204E901ED37.mvfrm
[ 61/171    0s] MovedFromExtractor Library/Bee/artifacts/mvdfrm/UnityEngine.PhysicsBackendPhysXModule.dll_A545BFF0A76F182B.mvfrm
[ 62/171    0s] MovedFromExtractor Library/Bee/artifacts/mvdfrm/UnityEngine.Physics2DModule.dll_F1CF44352C4AA8DB.mvfrm
[ 63/171    0s] MovedFromExtractor Library/Bee/artifacts/mvdfrm/UnityEngine.LocalizationModule.dll_58308D712231A9BB.mvfrm
[ 64/171    0s] MovedFromExtractor Library/Bee/artifacts/mvdfrm/UnityEngine.MarshallingModule.dll_58C6BA57024B7A86.mvfrm
[ 65/171    0s] MovedFromExtractor Library/Bee/artifacts/mvdfrm/UnityEngine.MultiplayerModule.dll_3006384ED6EADAAC.mvfrm
[ 66/171    0s] MovedFromExtractor Library/Bee/artifacts/mvdfrm/UnityEngine.InputModule.dll_E23353D3F160755C.mvfrm
[ 67/171    0s] MovedFromExtractor Library/Bee/artifacts/mvdfrm/UnityEngine.MathematicsModule.dll_D572C99B929B4468.mvfrm
[ 68/171    0s] MovedFromExtractor Library/Bee/artifacts/mvdfrm/UnityEngine.InputLegacyModule.dll_41A336E0B6150325.mvfrm
[ 69/171    0s] MovedFromExtractor Library/Bee/artifacts/mvdfrm/UnityEngine.JSONSerializeModule.dll_FC958AE953B3DB2A.mvfrm
[ 70/171    0s] MovedFromExtractor Library/Bee/artifacts/mvdfrm/UnityEngine.InputForUIModule.dll_A7B2338186FF9445.mvfrm
[ 71/171    0s] MovedFromExtractor Library/Bee/artifacts/mvdfrm/UnityEngine.InsightsModule.dll_D190157EDA7C6F4D.mvfrm
[ 72/171    0s] MovedFromExtractor Library/Bee/artifacts/mvdfrm/UnityEngine.IdentifiersModule.dll_88E7A3B7E09C1B4C.mvfrm
[ 73/171    0s] MovedFromExtractor Library/Bee/artifacts/mvdfrm/UnityEngine.ImageConversionModule.dll_6727FF027C873DD3.mvfrm
[ 74/171    0s] MovedFromExtractor Library/Bee/artifacts/mvdfrm/UnityEngine.HotReloadModule.dll_2672124A6680CCC8.mvfrm
[ 75/171    0s] MovedFromExtractor Library/Bee/artifacts/mvdfrm/UnityEngine.HierarchyCoreModule.dll_13989E87C325D396.mvfrm
[ 76/171    0s] MovedFromExtractor Library/Bee/artifacts/mvdfrm/UnityEngine.IMGUIModule.dll_B41D2B8A4159E499.mvfrm
[ 77/171    0s] MovedFromExtractor Library/Bee/artifacts/mvdfrm/UnityEngine.GraphicsStateCollectionSerializerModule.dll_3BC62680ABD104C8.mvfrm
[ 78/171    0s] MovedFromExtractor Library/Bee/artifacts/mvdfrm/UnityEngine.GIModule.dll_B92E28B2360E3BF4.mvfrm
[ 79/171    0s] MovedFromExtractor Library/Bee/artifacts/mvdfrm/UnityEngine.GridModule.dll_A3AAB9D2A0101368.mvfrm
[ 80/171    0s] MovedFromExtractor Library/Bee/artifacts/mvdfrm/UnityEngine.GameCenterModule.dll_A4FFD96826DEF789.mvfrm
[ 81/171    0s] MovedFromExtractor Library/Bee/artifacts/mvdfrm/UnityEngine.DirectorModule.dll_37C94CEE4FFF1FCE.mvfrm
[ 82/171    0s] MovedFromExtractor Library/Bee/artifacts/mvdfrm/UnityEngine.DSPGraphModule.dll_3D1AAE57C25FF0EF.mvfrm
[ 83/171    0s] MovedFromExtractor Library/Bee/artifacts/mvdfrm/UnityEngine.CrashReportingModule.dll_386EA8B87AF061A9.mvfrm
[ 84/171    0s] MovedFromExtractor Library/Bee/artifacts/mvdfrm/UnityEngine.ClothModule.dll_E2A5E91E55452F9C.mvfrm
[ 85/171    0s] MovedFromExtractor Library/Bee/artifacts/mvdfrm/UnityEngine.ContentLoadModule.dll_49747502ECA5F521.mvfrm
[ 86/171    0s] MovedFromExtractor Library/Bee/artifacts/mvdfrm/UnityEngine.ClusterInputModule.dll_19E3C31E8AB5B6C2.mvfrm
[ 87/171    0s] MovedFromExtractor Library/Bee/artifacts/mvdfrm/UnityEngine.ClusterRendererModule.dll_FB360151FA6285DF.mvfrm
[ 88/171    0s] MovedFromExtractor Library/Bee/artifacts/mvdfrm/UnityEngine.ARModule.dll_DA64A4A7F77CB2A3.mvfrm
[ 89/171    0s] MovedFromExtractor Library/Bee/artifacts/mvdfrm/UnityEngine.AssetBundleModule.dll_B05E1BC21E234D34.mvfrm
[ 90/171    0s] MovedFromExtractor Library/Bee/artifacts/mvdfrm/UnityEngine.CoreModule.dll_C6399DE487BB7D71.mvfrm
[ 91/171    0s] MovedFromExtractor Library/Bee/artifacts/mvdfrm/UnityEngine.AndroidJNIModule.dll_7AB28F4D609E0698.mvfrm
[ 92/171    0s] MovedFromExtractor Library/Bee/artifacts/mvdfrm/UnityEngine.AudioModule.dll_7BBD8C237B2850B8.mvfrm
[ 93/171    0s] MovedFromExtractor Library/Bee/artifacts/mvdfrm/UnityEngine.AccessibilityModule.dll_9C7E01AD54787AA0.mvfrm
[ 94/171    0s] MovedFromExtractor Library/Bee/artifacts/mvdfrm/UnityEngine.AdaptivePerformanceModule.dll_CB31D863C4B2D56C.mvfrm
[ 95/171    0s] MovedFromExtractor Library/Bee/artifacts/mvdfrm/UnityEngine.AnimationModule.dll_A52954448B4DB146.mvfrm
[ 96/171    0s] MovedFromExtractor Library/Bee/artifacts/mvdfrm/UnityEngine.AIModule.dll_20F1DFA49A5F53DA.mvfrm
[ 97/171    0s] MovedFromExtractor Library/Bee/artifacts/mvdfrm/UnityEditor.dll_881AB8E245A1C46F.mvfrm
[ 98/171    0s] MovedFromExtractor Library/Bee/artifacts/mvdfrm/UnityEditor.XRModule.dll_6387D5CCB61DF891.mvfrm
[ 99/171    0s] MovedFromExtractor Library/Bee/artifacts/mvdfrm/UnityEditor.VideoModule.dll_DA9A542A0C3D3BB8.mvfrm
[100/171    0s] MovedFromExtractor Library/Bee/artifacts/mvdfrm/UnityEditor.VectorGraphicsModule.dll_67A3C69E5F1BCF75.mvfrm
[101/171    0s] MovedFromExtractor Library/Bee/artifacts/mvdfrm/UnityEditor.VFXModule.dll_C547D8AC3D842485.mvfrm
[102/171    0s] MovedFromExtractor Library/Bee/artifacts/mvdfrm/UnityEditor.UmbraModule.dll_30657BD7D6D1CB86.mvfrm
[103/171    0s] MovedFromExtractor Library/Bee/artifacts/mvdfrm/UnityEditor.UIBuilderModule.dll_2B2C853823A955D4.mvfrm
[104/171    0s] MovedFromExtractor Library/Bee/artifacts/mvdfrm/UnityEditor.UIToolkitAuthoringModule.dll_E4F96E3676A160C4.mvfrm
[105/171    0s] MovedFromExtractor Library/Bee/artifacts/mvdfrm/UnityEditor.UIElementsModule.dll_FC69A67A177E97C2.mvfrm
[106/171    0s] MovedFromExtractor Library/Bee/artifacts/mvdfrm/UnityEditor.UIElementsSamplesModule.dll_FC5D7279E560FBCB.mvfrm
[107/171    0s] MovedFromExtractor Library/Bee/artifacts/mvdfrm/UnityEditor.TreeModule.dll_00C4BFA0677BA785.mvfrm
[108/171    0s] MovedFromExtractor Library/Bee/artifacts/mvdfrm/UnityEditor.UIAutomationModule.dll_4FAE2F8350BDC7A2.mvfrm
[109/171    0s] MovedFromExtractor Library/Bee/artifacts/mvdfrm/UnityEditor.TextCoreTextEngineModule.dll_F98B101AE79E9622.mvfrm
[110/171    0s] MovedFromExtractor Library/Bee/artifacts/mvdfrm/UnityEditor.UnityConnectModule.dll_9A474E08D92DE3FC.mvfrm
[111/171    0s] MovedFromExtractor Library/Bee/artifacts/mvdfrm/UnityEditor.TilemapModule.dll_D4D51E077396053B.mvfrm
[112/171    0s] MovedFromExtractor Library/Bee/artifacts/mvdfrm/UnityEditor.U2DModule.dll_F120838F732084E4.mvfrm
[113/171    0s] MovedFromExtractor Library/Bee/artifacts/mvdfrm/UnityEditor.TextRenderingModule.dll_B37BB851A65F045C.mvfrm
[114/171    0s] MovedFromExtractor Library/Bee/artifacts/mvdfrm/UnityEditor.TextCoreFontEngineModule.dll_B1A2D9A9581ADD04.mvfrm
[115/171    0s] MovedFromExtractor Library/Bee/artifacts/mvdfrm/UnityEditor.TerrainModule.dll_35D8B6865BD92432.mvfrm
[116/171    0s] MovedFromExtractor Library/Bee/artifacts/mvdfrm/UnityEditor.SubstanceModule.dll_808364F540A8B4AD.mvfrm
[117/171    0s] MovedFromExtractor Library/Bee/artifacts/mvdfrm/UnityEditor.SpriteMaskModule.dll_8D7DDEB0460A73B8.mvfrm
[118/171    0s] MovedFromExtractor Library/Bee/artifacts/mvdfrm/UnityEditor.SpriteShapeModule.dll_C3F9798DC18B74B9.mvfrm
[119/171    0s] MovedFromExtractor Library/Bee/artifacts/mvdfrm/UnityEditor.SketchUpModule.dll_24C76FBE1765E45E.mvfrm
[120/171    0s] MovedFromExtractor Library/Bee/artifacts/mvdfrm/UnityEditor.SafeModeModule.dll_3CB28A6DCC344847.mvfrm
[121/171    0s] MovedFromExtractor Library/Bee/artifacts/mvdfrm/UnityEditor.ShaderFoundryModule.dll_A8B8665976B1CF91.mvfrm
[122/171    0s] MovedFromExtractor Library/Bee/artifacts/mvdfrm/UnityEditor.SceneTemplateModule.dll_69D8961654025303.mvfrm
[123/171    0s] MovedFromExtractor Library/Bee/artifacts/mvdfrm/UnityEditor.QuickInstallModule.dll_7DEC8ED1F5D06D15.mvfrm
[124/171    0s] MovedFromExtractor Library/Bee/artifacts/mvdfrm/UnityEditor.ShaderBuildSettingsModule.dll_12C88A565C6CB3A9.mvfrm
[125/171    0s] MovedFromExtractor Library/Bee/artifacts/mvdfrm/UnityEditor.SceneViewModule.dll_1553BB23A613A9AE.mvfrm
[126/171    0s] MovedFromExtractor Library/Bee/artifacts/mvdfrm/UnityEditor.ShaderCompilationModule.dll_082BD4F1C864F09B.mvfrm
[127/171    0s] MovedFromExtractor Library/Bee/artifacts/mvdfrm/UnityEditor.PropertiesModule.dll_D18CAB5E9786427A.mvfrm
[128/171    0s] MovedFromExtractor Library/Bee/artifacts/mvdfrm/UnityEditor.QuickSearchModule.dll_6C74E8D0BBBC9842.mvfrm
[129/171    0s] MovedFromExtractor Library/Bee/artifacts/mvdfrm/UnityEditor.ProjectAuditorModule.dll_1B113ACF21AE1E8C.mvfrm
[130/171    0s] MovedFromExtractor Library/Bee/artifacts/mvdfrm/UnityEditor.PhysicsModule.dll_1B923B17861ADB44.mvfrm
[131/171    0s] MovedFromExtractor Library/Bee/artifacts/mvdfrm/UnityEditor.PlayModeModule.dll_82A67C276AFD57AE.mvfrm
[132/171    0s] MovedFromExtractor Library/Bee/artifacts/mvdfrm/UnityEditor.PresetsUIModule.dll_920A10FDB34934A5.mvfrm
[133/171    0s] MovedFromExtractor Library/Bee/artifacts/mvdfrm/UnityEditor.PhysicsCore2DModule.dll_FE00E7313A24EC65.mvfrm
[134/171    0s] WriteText Library/Bee/artifacts/1900b0aE.dag/Unity.Multiplayer.Center.Common.dll.mvfrm.rsp
[135/171    0s] WriteText Library/Bee/artifacts/1900b0aE.dag/Unity.Multiplayer.Center.Common.rsp
[136/171    0s] MovedFromExtractor Library/Bee/artifacts/mvdfrm/UnityEditor.Physics2DModule.dll_3BE9534C46CAF6F6.mvfrm
[137/171    0s] MovedFromExtractor Library/Bee/artifacts/mvdfrm/UnityEditor.MultiplayerModule.dll_2A4068BFC4B0CA27.mvfrm
[138/171    0s] MovedFromExtractor Library/Bee/artifacts/mvdfrm/UnityEditor.MediaModule.dll_8150E950C7F7A8A1.mvfrm
[139/171    0s] WriteText Library/Bee/artifacts/1900b0aE.dag/Unity.Multiplayer.Center.Editor.rsp2
[140/171    0s] WriteText Library/Bee/artifacts/1900b0aE.dag/Unity.Multiplayer.Center.Editor.UnityAdditionalFile.txt
[141/171    0s] WriteText Library/Bee/artifacts/1900b0aE.dag/Unity.Multiplayer.Center.Editor.dll.mvfrm.rsp
[142/171    0s] WriteText Library/Bee/artifacts/1900b0aE.dag/Unity.Multiplayer.Center.Editor.rsp
[143/171    0s] MovedFromExtractor Library/Bee/artifacts/mvdfrm/UnityEditor.GridModule.dll_8089E67FF80AA83D.mvfrm
[144/171    0s] MovedFromExtractor Library/Bee/artifacts/mvdfrm/UnityEditor.MathematicsModule.dll_CFACFA0C806133E3.mvfrm
[145/171    0s] MovedFromExtractor Library/Bee/artifacts/mvdfrm/UnityEditor.LightingModule.dll_36BA01EA1F201173.mvfrm
[146/171    0s] MovedFromExtractor Library/Bee/artifacts/mvdfrm/UnityEditor.HierarchyModule.dll_C417DEF76ED01B62.mvfrm
[147/171    0s] MovedFromExtractor Library/Bee/artifacts/mvdfrm/UnityEditor.GraphViewModule.dll_D6A3D81BB0F0DCA0.mvfrm
[148/171    0s] MovedFromExtractor Library/Bee/artifacts/mvdfrm/UnityEditor.GraphicsStateCollectionSerializerModule.dll_32D25990DED1BB63.mvfrm
[149/171    0s] MovedFromExtractor Library/Bee/artifacts/mvdfrm/UnityEditor.GenericRemoteModule.dll_A63E65613D24207A.mvfrm
[150/171    0s] MovedFromExtractor Library/Bee/artifacts/mvdfrm/UnityEditor.GIModule.dll_7ABF9722CA910829.mvfrm
[151/171    0s] MovedFromExtractor Library/Bee/artifacts/mvdfrm/UnityEditor.GridAndSnapModule.dll_EB1E4E44E64A58D8.mvfrm
[152/171    0s] MovedFromExtractor Library/Bee/artifacts/mvdfrm/UnityEditor.EmbreeModule.dll_B5F7368D288E1F4F.mvfrm
[153/171    0s] MovedFromExtractor Library/Bee/artifacts/mvdfrm/UnityEditor.DeviceSimulatorModule.dll_F5893EE08AA7785B.mvfrm
[154/171    0s] MovedFromExtractor Library/Bee/artifacts/mvdfrm/UnityEditor.EditorToolbarModule.dll_463925585515A8CB.mvfrm
[155/171    0s] MovedFromExtractor Library/Bee/artifacts/mvdfrm/UnityEditor.GraphToolkitModule.dll_BAEA253DA4F92D67.mvfrm
[156/171    0s] MovedFromExtractor Library/Bee/artifacts/mvdfrm/UnityEditor.CoreBusinessMetricsModule.dll_8A8D3D27AFB4B161.mvfrm
[157/171    0s] MovedFromExtractor Library/Bee/artifacts/mvdfrm/UnityEditor.DiagnosticsModule.dll_E16567C362E59BE9.mvfrm
[158/171    0s] MovedFromExtractor Library/Bee/artifacts/mvdfrm/UnityEngine.NVIDIAModule.dll_0E084E74862B39FD.mvfrm
[159/171    0s] MovedFromExtractor Library/Bee/artifacts/mvdfrm/UnityEditor.CoreModule.dll_A318CA91DFB61246.mvfrm
[160/171    0s] MovedFromExtractor Library/Bee/artifacts/mvdfrm/UnityEngine.AMDModule.dll_51FB1F2BAF964DCA.mvfrm
[161/171    0s] MovedFromExtractor Library/Bee/artifacts/mvdfrm/UnityEngine.HierarchyModule.dll_79FDCFE0544FCD47.mvfrm
[162/171    0s] MovedFromExtractor-Combine Library/Bee/artifacts/1900b0aE.dag/Unity.Multiplayer.Center.Common.dll.mvfrm
[162/171    0s] Csc Library/Bee/artifacts/1900b0aE.dag/Unity.Multiplayer.Center.Common.dll (+2 others) [CacheHit 441680852534d47e19975bde47fa516a00000000000000000000000000000006]
[163/171    0s] Csc Library/Bee/artifacts/1900b0aE.dag/Unity.Multiplayer.Center.Common.dll (+2 others)
[165/171    0s] CopyFiles Library/ScriptAssemblies/Unity.Multiplayer.Center.Common.pdb
[166/171    0s] CopyFiles Library/ScriptAssemblies/Unity.Multiplayer.Center.Common.dll
[167/171    0s] MovedFromExtractor Library/Bee/artifacts/mvdfrm/Unity.Multiplayer.Center.Common.ref.dll_EE36537354EA42C8.mvfrm
[168/171    0s] MovedFromExtractor-Combine Library/Bee/artifacts/1900b0aE.dag/Unity.Multiplayer.Center.Editor.dll.mvfrm
[167/171    0s] Csc Library/Bee/artifacts/1900b0aE.dag/Unity.Multiplayer.Center.Editor.dll (+2 others) [CacheHit 7fd7fce61c381b516495f4afdc8b673b00000000000000000000000000000006]
[169/171    0s] Csc Library/Bee/artifacts/1900b0aE.dag/Unity.Multiplayer.Center.Editor.dll (+2 others)
[171/171    0s] CopyFiles Library/ScriptAssemblies/Unity.Multiplayer.Center.Editor.pdb
[172/171    0s] CopyFiles Library/ScriptAssemblies/Unity.Multiplayer.Center.Editor.dll
*** Tundra build success (3.96 seconds), 168 items updated, 171 evaluated
AssetDatabase: script compilation time: 6.555922s
Begin MonoManager ReloadAssembly
Importing 'GUID: 00000000000000001000000000000000 - Path: Assets' with importer (DefaultImporter)
Imported 'GUID: 00000000000000001000000000000000' -> (Import Result ID: '738cbbd604dc2195b6321aa19a8f34f1') in 0.017 seconds [static dependencies only]. Details - ImportResultOutputID=931399766a3d35f20ee4474945b75a67 DependenciesID=6ef059e16f77d89b65de4395ffdd5ce7 StaticDependenciesID=021a196fb38bf0e383cdb5199031682f 
Importing 'GUID: 00000000000000002000000000000000 - Path: ProjectSettings/InputManager.asset' with importer (LibraryAssetImporter)
Imported 'GUID: 00000000000000002000000000000000' -> (Import Result ID: '066489c8afb6c38ba445ee068d1b1ddc') in 0.003 seconds [static dependencies only]. Details - ImportResultOutputID=0290babc70dea6fa2c98f564a251f1f8 DependenciesID=96b9d86faebbda27390899bf82e6a4fe StaticDependenciesID=a819cc153f9a909a1659e9d6be4ee3ff 
Importing 'GUID: 00000000000000003000000000000000 - Path: ProjectSettings/TagManager.asset' with importer (LibraryAssetImporter)
Imported 'GUID: 00000000000000003000000000000000' -> (Import Result ID: '0bbec23a6e25bf2a1e3a4193cab14c78') in 0.001 seconds [static dependencies only]. Details - ImportResultOutputID=fd6696bcbef029973bb12ace65e33982 DependenciesID=d27284f49037644be5128a4d2aaacf61 StaticDependenciesID=375832bd3beff761901d315947853e68 
Importing 'GUID: 00000000000000004000000000000000 - Path: ProjectSettings/ProjectSettings.asset' with importer (LibraryAssetImporter)
Imported 'GUID: 00000000000000004000000000000000' -> (Import Result ID: '624129d9b3a099f0260358592403e70f') in 0.000 seconds [static dependencies only]. Details - ImportResultOutputID=276a810dac73e1f29404d5e5f692e214 DependenciesID=4db1257714a18867e3b6ffde4c4b1758 StaticDependenciesID=542eadf7880c485b5f7e7fa24bee82ce 
Importing 'GUID: 00000000000000006000000000000000 - Path: ProjectSettings/AudioManager.asset' with importer (LibraryAssetImporter)
Imported 'GUID: 00000000000000006000000000000000' -> (Import Result ID: '267fe03007c6632b7379b56c633b722d') in 0.000 seconds [static dependencies only]. Details - ImportResultOutputID=acca44841ee8003c72d524064efb6e35 DependenciesID=a71a58753d87cd72fe767341614d2166 StaticDependenciesID=e96d5e218a01b19b3672dd88e6cf87a1 
Importing 'GUID: 00000000000000007000000000000000 - Path: ProjectSettings/TimeManager.asset' with importer (LibraryAssetImporter)
Imported 'GUID: 00000000000000007000000000000000' -> (Import Result ID: '0a60df3c20d93b723ae0b35ded6c2a63') in 0.000 seconds [static dependencies only]. Details - ImportResultOutputID=bcbe57e6eed4f14d697ceae3e9a4ee48 DependenciesID=50b65264b9bb240314e092a3620af00b StaticDependenciesID=47e7cd4ba931b595a0bce618b57fd01d 
Importing 'GUID: 00000000000000008000000000000000 - Path: ProjectSettings/DynamicsManager.asset' with importer (LibraryAssetImporter)
Imported 'GUID: 00000000000000008000000000000000' -> (Import Result ID: '02efe62c9ed3749ab9cec6d097892d59') in 0.000 seconds [static dependencies only]. Details - ImportResultOutputID=af765d07e318cf68f695edacf91778bd DependenciesID=2b45fcae813f302d806b4f1ec3374c4d StaticDependenciesID=ebc0a92d8af4bb518e7ae866ccaab55f 
Importing 'GUID: 00000000000000009000000000000000 - Path: ProjectSettings/QualitySettings.asset' with importer (LibraryAssetImporter)
Imported 'GUID: 00000000000000009000000000000000' -> (Import Result ID: '9a10a44ea2899d5322e76596960c0c12') in 0.000 seconds [static dependencies only]. Details - ImportResultOutputID=7b12711da11c94ad897442b4820d3f7b DependenciesID=4b9edf5a6fde83c7e59ce271cd623904 StaticDependenciesID=2d78082e6b042ac96c9e20b6e6e81f2d 
Importing 'GUID: 0000000000000000b000000000000000 - Path: ProjectSettings/EditorBuildSettings.asset' with importer (LibraryAssetImporter)
Imported 'GUID: 0000000000000000b000000000000000' -> (Import Result ID: '1976f1da007a54f5ec829fa181acae5a') in 0.000 seconds [static dependencies only]. Details - ImportResultOutputID=4647dd083cfc32cebcd7526e8846440c DependenciesID=48fa7c81d1dfcac113c1e020e921b4a8 StaticDependenciesID=ff4539931f826b5963d91bb0c7cd2573 
Importing 'GUID: 0000000000000000c000000000000000 - Path: ProjectSettings/EditorSettings.asset' with importer (LibraryAssetImporter)
Imported 'GUID: 0000000000000000c000000000000000' -> (Import Result ID: '2d8b7fd4968bbb6dfe766d38bd53ac12') in 0.000 seconds [static dependencies only]. Details - ImportResultOutputID=fc08cc28cef36a03227c22ef67b54535 DependenciesID=ef0ff3764afc9ab7f39669b4e5295efd StaticDependenciesID=14d278539afd16546ac01db045c2415a 
Importing 'GUID: 00000000000000004100000000000000 - Path: ProjectSettings/NavMeshAreas.asset' with importer (LibraryAssetImporter)
Imported 'GUID: 00000000000000004100000000000000' -> (Import Result ID: 'e31f50702c7b8e68dd2168fe8bd964ea') in 0.000 seconds [static dependencies only]. Details - ImportResultOutputID=90afd57cd2fd79df9534381ff5673272 DependenciesID=1ac24e485698ab387aef910ba13b9e8f StaticDependenciesID=a2a3ab8c7d0fbb3870236fae267ea2f9 
Importing 'GUID: 00000000000000005100000000000000 - Path: ProjectSettings/Physics2DSettings.asset' with importer (LibraryAssetImporter)
Imported 'GUID: 00000000000000005100000000000000' -> (Import Result ID: '6f6946c701cae6c8d3565647c9af0adb') in 0.000 seconds [static dependencies only]. Details - ImportResultOutputID=51a8098361d5b0c1ab07bfc06e51f152 DependenciesID=a3c6a2585dd089b2e6472ccf0702028e StaticDependenciesID=8fa4e4cbc19fa8820d725e5e587dba6b 
Importing 'GUID: 00000000000000006100000000000000 - Path: ProjectSettings/GraphicsSettings.asset' with importer (LibraryAssetImporter)
Imported 'GUID: 00000000000000006100000000000000' -> (Import Result ID: '7a23f80f411141dc37556db30f91af55') in 0.000 seconds [static dependencies only]. Details - ImportResultOutputID=f9600466f06a676b7a4f639f6629ea48 DependenciesID=2ba9bbcac9d1b84708b03de9f843c22f StaticDependenciesID=dd4040f597ea466151ba18309e4ff41b 
Importing 'GUID: 00000000000000007100000000000000 - Path: ProjectSettings/ClusterInputManager.asset' with importer (LibraryAssetImporter)
Imported 'GUID: 00000000000000007100000000000000' -> (Import Result ID: '98df8fe07f74a43636e12ba0b1dff325') in 0.000 seconds [static dependencies only]. Details - ImportResultOutputID=8ce0cedd10b8cd8471ed9838bfc872ed DependenciesID=301d2e79b9cea8c2e09ddfe7eb603702 StaticDependenciesID=a4e674332c32893975d6fb27021957ee 
Importing 'GUID: 0000000000000000a100000000000000 - Path: ProjectSettings/UnityConnectSettings.asset' with importer (LibraryAssetImporter)
Imported 'GUID: 0000000000000000a100000000000000' -> (Import Result ID: '2634e3eb62b3fca8d90b10940f3b2c5e') in 0.000 seconds [static dependencies only]. Details - ImportResultOutputID=1989c27f310e62ee2c72d63f16a698d0 DependenciesID=17dacb10d1b65a95821e1a79ebdbcde5 StaticDependenciesID=bc8eee46cb26771f9c0a8ef851e008b6 
Importing 'GUID: 0000000000000000b100000000000000 - Path: ProjectSettings/PresetManager.asset' with importer (LibraryAssetImporter)
Imported 'GUID: 0000000000000000b100000000000000' -> (Import Result ID: 'eff0b076cc50aa251a41c786a59fa98b') in 0.000 seconds [static dependencies only]. Details - ImportResultOutputID=d271a469f14af9d29dbd89abc966f7ef DependenciesID=c09356504a645f13590159c4dd0e0dde StaticDependenciesID=df9d007f7f046b433cd723615d666307 
Importing 'GUID: 0000000000000000c100000000000000 - Path: ProjectSettings/VFXManager.asset' with importer (LibraryAssetImporter)
Imported 'GUID: 0000000000000000c100000000000000' -> (Import Result ID: '71922488826273df871f003f093a936c') in 0.000 seconds [static dependencies only]. Details - ImportResultOutputID=d5b1cc1b236d3087c4a5fc9e9cb18618 DependenciesID=ed8958b0d19e15ae5904deb4308242d7 StaticDependenciesID=137e8b8e1996c5471f6058ca4efd87d7 
Importing 'GUID: 0000000000000000d100000000000000 - Path: ProjectSettings/VersionControlSettings.asset' with importer (LibraryAssetImporter)
Imported 'GUID: 0000000000000000d100000000000000' -> (Import Result ID: 'd27f353fbd4ff1f73b0687b74f5d991f') in 0.000 seconds [static dependencies only]. Details - ImportResultOutputID=0a19189542c4b1aa9afad4d76b36cbef DependenciesID=f00364dcb6cb50f2625ab809a5979749 StaticDependenciesID=311985edc9778dea0eea5a80fb8121ad 
Importing 'GUID: 0000000000000000f100000000000000 - Path: ProjectSettings/MemorySettings.asset' with importer (LibraryAssetImporter)
Imported 'GUID: 0000000000000000f100000000000000' -> (Import Result ID: 'd2c0e5a0c47587b96859ecb79a41c9ab') in 0.000 seconds [static dependencies only]. Details - ImportResultOutputID=078c9215d0d3f7dcc6c2ea9c2e21e93e DependenciesID=7e9bcdb8fcdaf4bf9ecb2aaaaae84b08 StaticDependenciesID=e04556c3a58344066f969a6b932b1ed8 
Importing 'GUID: 00000000000000000200000000000000 - Path: ProjectSettings/MultiplayerManager.asset' with importer (LibraryAssetImporter)
Imported 'GUID: 00000000000000000200000000000000' -> (Import Result ID: 'c9f9a55c6b21646b674230215e04698d') in 0.000 seconds [static dependencies only]. Details - ImportResultOutputID=cc8bc420ff0fb13a9534be625b324364 DependenciesID=28864cc60eb647eb9d009809daf565a6 StaticDependenciesID=8f9e3c2c7511546a36b486c4d19fa0a5 
Importing 'GUID: 00000000000000001200000000000000 - Path: ProjectSettings/PhysicsCoreProjectSettings2D.asset' with importer (LibraryAssetImporter)
Imported 'GUID: 00000000000000001200000000000000' -> (Import Result ID: 'e35c32b4147096ac983c198680c6d41c') in 0.000 seconds [static dependencies only]. Details - ImportResultOutputID=07b8874da21d0d67c4347d012422ba62 DependenciesID=14f16869a4b7b615a31502a3b18404b9 StaticDependenciesID=c379bb28f8ef25e6cea6bb5c10bd415a 
Importing 'GUID: 00000000000000002300000000000000 - Path: Library/BuildInstructions' with importer (DefaultImporter)
Imported 'GUID: 00000000000000002300000000000000' -> (Import Result ID: '622a8fd548d91ef719400ddc42467044') in 0.001 seconds [static dependencies only]. Details - ImportResultOutputID=d2da4dbe7433590953d90148eb4e1f22 DependenciesID=8a94f9095adb7389af01fc576c08004e StaticDependenciesID=ae1c4908a8fb44c52d73aa775822d0f3 
Importing 'GUID: c060426bfd6e82575228df6656368eaa - Path: Packages/com.unity.modules.imgui' with importer (DefaultImporter)
Imported 'GUID: c060426bfd6e82575228df6656368eaa' -> (Import Result ID: 'c03191d9700d867c6a9aae555f02173b') in 0.001 seconds [static dependencies only]. Details - ImportResultOutputID=dcc23da4b16b268ee6e83200b7ebb805 DependenciesID=071b8244e916ba1f8bc0d9e9172f4f66 StaticDependenciesID=8cc5901bf27deb6d2e4e45d3edd45f07 
Importing 'GUID: 1158e311a3101950348dcecb1bebc42d - Path: Packages/com.unity.modules.animation' with importer (DefaultImporter)
Imported 'GUID: 1158e311a3101950348dcecb1bebc42d' -> (Import Result ID: '10c83252fe0ab9665a3ae98657965468') in 0.001 seconds [static dependencies only]. Details - ImportResultOutputID=7f760e80e4376f4e2af6163c51483957 DependenciesID=337c840ecad8aa6fb74821a609eeec95 StaticDependenciesID=a8ced9cd17797e7bec20cccf45485031 
Importing 'GUID: 515638b803bef8599dbd6d5c8bdaa53e - Path: Packages/com.unity.modules.xr' with importer (DefaultImporter)
Imported 'GUID: 515638b803bef8599dbd6d5c8bdaa53e' -> (Import Result ID: '5a37c9d0ffe34a5b50006e4f62465482') in 0.001 seconds [static dependencies only]. Details - ImportResultOutputID=4287b6c9de175897d57f5d0f89be5f52 DependenciesID=a1cb4a99cebe6155a407646d59dc2054 StaticDependenciesID=1ab7b5bc2bee2d7bc4fa09ace3bca183 
Importing 'GUID: b219c86ce508e478367c0a46e1aa9fe4 - Path: Packages/com.unity.modules.assetbundle' with importer (DefaultImporter)
Imported 'GUID: b219c86ce508e478367c0a46e1aa9fe4' -> (Import Result ID: 'a2748a60f5678166c2b3852d52867da5') in 0.001 seconds [static dependencies only]. Details - ImportResultOutputID=89494b4b6b631d330268aeb9dacd9e16 DependenciesID=921856f28990377c4a6adb2880524939 StaticDependenciesID=3c5ca1fa6a1de3b94eb727252ff5b481 
Importing 'GUID: 04c6898809c37620ac863cc2a5d7c4d0 - Path: Packages/com.unity.modules.vectorgraphics' with importer (DefaultImporter)
Imported 'GUID: 04c6898809c37620ac863cc2a5d7c4d0' -> (Import Result ID: '6ce6cf197e6e2584a217945189f26b1a') in 0.001 seconds [static dependencies only]. Details - ImportResultOutputID=3855432a71b0a738524e2b907e4a06f1 DependenciesID=7acfd1134e732ff3450f0c1ae4fa322b StaticDependenciesID=ec64d2838e106e4778131d24c9401791 
Importing 'GUID: 5469ef0820152a4ae45d400fdc4626e4 - Path: Packages/com.unity.modules.screencapture' with importer (DefaultImporter)
Imported 'GUID: 5469ef0820152a4ae45d400fdc4626e4' -> (Import Result ID: '8da15dc56e1aa018bba7943dcc827116') in 0.001 seconds [static dependencies only]. Details - ImportResultOutputID=883c2ddc1cc8ab47552769d7d10ec20e DependenciesID=3a119f6b1542ccffc8ae3478b95def44 StaticDependenciesID=1f0790c5e082acaed858454a94f7928a 
Importing 'GUID: c4df1124e2787ee0c8d1a911de17ee73 - Path: Packages/com.unity.modules.cloth' with importer (DefaultImporter)
Imported 'GUID: c4df1124e2787ee0c8d1a911de17ee73' -> (Import Result ID: 'dc1c5846b02d4105f603769a7a22fe59') in 0.001 seconds [static dependencies only]. Details - ImportResultOutputID=02c3e07e14f3716325ca51811cb4ad59 DependenciesID=7f28298b0a36e985372f1b78335016fe StaticDependenciesID=cfbf60909dcddf6b5f7a5ea3a1166700 
Importing 'GUID: 850c54ee0b9e1aa740b1c67792eb1f26 - Path: Packages/com.unity.modules.imageconversion' with importer (DefaultImporter)
Imported 'GUID: 850c54ee0b9e1aa740b1c67792eb1f26' -> (Import Result ID: '21deabad27fc95d7e0474789acf0c644') in 0.001 seconds [static dependencies only]. Details - ImportResultOutputID=5e29084e34474b819d3f42b6f87fa2f1 DependenciesID=f8676791f92d41abd7e981d91dbbef19 StaticDependenciesID=a328d4847189a01efbc0969f9ea60779 
Importing 'GUID: 95f85adeda79e994f011eb2152cf4fc9 - Path: Packages/com.unity.modules.terrainphysics' with importer (DefaultImporter)
Imported 'GUID: 95f85adeda79e994f011eb2152cf4fc9' -> (Import Result ID: '465f7814253d297a56d8fd953dd137f3') in 0.001 seconds [static dependencies only]. Details - ImportResultOutputID=066c7237bacce3d1fed9fa88ce895dc2 DependenciesID=57b9be22459b33d65e791420a1d52601 StaticDependenciesID=640589dc965b13b3b977faada24e82e5 
Importing 'GUID: c522a644a29fcab2eaf63298c118a65b - Path: Packages/com.unity.modules.unitywebrequest' with importer (DefaultImporter)
Imported 'GUID: c522a644a29fcab2eaf63298c118a65b' -> (Import Result ID: '3364dd55df4f1f5487048dd77f68a0e9') in 0.001 seconds [static dependencies only]. Details - ImportResultOutputID=bd84e5c0828c0c958fda12361a6931c4 DependenciesID=17b6b9e99cb87a6ef815195e2391820b StaticDependenciesID=f109b1c9bea847d6ed95c007b7393878 
Importing 'GUID: d5f0b0adc6826e9dd3b72e292e8438be - Path: Packages/com.unity.modules.unitywebrequestassetbundle' with importer (DefaultImporter)
Imported 'GUID: d5f0b0adc6826e9dd3b72e292e8438be' -> (Import Result ID: '70b7865343eefff2753d8f8def17c951') in 0.001 seconds [static dependencies only]. Details - ImportResultOutputID=28545450f0f8fe7184e75065d2eaebce DependenciesID=a5ec12b65aac20c0188dce3181104c40 StaticDependenciesID=d8e30e95b78c5c4d8ef9d264ed85a76b 
Importing 'GUID: 56b94a5b6990c879bb0f057719d1064b - Path: Packages/com.unity.modules.subsystems' with importer (DefaultImporter)
Imported 'GUID: 56b94a5b6990c879bb0f057719d1064b' -> (Import Result ID: '6582c24a2c22bb9487eb60f03f15e640') in 0.001 seconds [static dependencies only]. Details - ImportResultOutputID=0e619aa1d83b61217ae2e97dfc45d4e9 DependenciesID=4c6a770cb4e30a92abc45f18a93148cd StaticDependenciesID=71bcdb26976ba5aaca917fbafe1a5a85 
Importing 'GUID: d6c6a000a805f00649b36b542e8426c2 - Path: Packages/com.unity.modules.unityanalytics' with importer (DefaultImporter)
Imported 'GUID: d6c6a000a805f00649b36b542e8426c2' -> (Import Result ID: 'aac2c452be133576cd5e881564886500') in 0.001 seconds [static dependencies only]. Details - ImportResultOutputID=bf660bcbf114683b66648691531e6d07 DependenciesID=568aa7472433c2f1ef61227974ff5742 StaticDependenciesID=7dbf869ecc8712eaf3b5d6e46acf862d 
Importing 'GUID: d6db7caf2e852b75ebb9c6098418179c - Path: Packages/com.unity.modules.physics' with importer (DefaultImporter)
Imported 'GUID: d6db7caf2e852b75ebb9c6098418179c' -> (Import Result ID: '3be31cd571d86302122c2fbd040a54fe') in 0.001 seconds [static dependencies only]. Details - ImportResultOutputID=ca9e398e0fe23d8852b03b4ef733b883 DependenciesID=7280b59d3b74262aea8686fbc3020be8 StaticDependenciesID=cf4c3d5428251d80a90b0ad594809e5f 
Importing 'GUID: 376c84ea405e0f2b80562c23bb977216 - Path: Packages/com.unity.modules.physics2d' with importer (DefaultImporter)
Imported 'GUID: 376c84ea405e0f2b80562c23bb977216' -> (Import Result ID: '0dc0bc826dbb6a655de29a92779ca8f7') in 0.001 seconds [static dependencies only]. Details - ImportResultOutputID=3c523e0fa92287aeca10533038c4ad8c DependenciesID=fb8e35e6fa5947f9a4f1648b4b71a6b0 StaticDependenciesID=d405ef47b73d15923aefb5e36e86e935 
Importing 'GUID: b77b1ad9c05af0412725856c6c53b037 - Path: Packages/com.unity.modules.wind' with importer (DefaultImporter)
Imported 'GUID: b77b1ad9c05af0412725856c6c53b037' -> (Import Result ID: 'd1356e6812f00c9591b06ac00202690b') in 0.001 seconds [static dependencies only]. Details - ImportResultOutputID=20914c3eb4d4a40f977811ac372be123 DependenciesID=e35d3af62e89902ce6b483eb5767412f StaticDependenciesID=6453d3836424fb8e5f0ebcbd98d7e4cb 
Importing 'GUID: 2808ba6bccb2478ec9c7209d8bf1f3cc - Path: Packages/com.unity.modules.uielements' with importer (DefaultImporter)
Imported 'GUID: 2808ba6bccb2478ec9c7209d8bf1f3cc' -> (Import Result ID: 'b02d7cd9fb5ea8603b55108f3b726d3d') in 0.001 seconds [static dependencies only]. Details - ImportResultOutputID=43ac9c1bd0c2e88ddb17cc3ac3d457f4 DependenciesID=edae43a70b7d6770a776e7b0f0017aa8 StaticDependenciesID=514c5676a15e0531ef3508223c53da30 
Importing 'GUID: 38e3a8976f0b9c586b6dfbcef4e4066c - Path: Packages/com.unity.modules.unitywebrequestaudio' with importer (DefaultImporter)
Imported 'GUID: 38e3a8976f0b9c586b6dfbcef4e4066c' -> (Import Result ID: '671af01fd62a437681ee87b7682a0f52') in 0.001 seconds [static dependencies only]. Details - ImportResultOutputID=fa5586dfb87647a6c685707600b86782 DependenciesID=bd371f3e8f93e05cec5fbd79b7104fef StaticDependenciesID=5dbffe0e8d73244830933bdb32251216 
Importing 'GUID: 48b10b41f58d5b49717f376cda59eeb8 - Path: Packages/com.unity.modules.particlesystem' with importer (DefaultImporter)
Imported 'GUID: 48b10b41f58d5b49717f376cda59eeb8' -> (Import Result ID: 'c07c4ddb0df1261b75a856e2b4805d19') in 0.001 seconds [static dependencies only]. Details - ImportResultOutputID=bbc465d3d6faacd80c5d2d6b9e298635 DependenciesID=130d21d560e217c534c25c722b8fabeb StaticDependenciesID=c72dff301597e092262cbe5c606aa4d1 
Importing 'GUID: 783ee1c8fd4414848db1be97aacf44fb - Path: Packages/com.unity.modules.accessibility' with importer (DefaultImporter)
Imported 'GUID: 783ee1c8fd4414848db1be97aacf44fb' -> (Import Result ID: '10f3f2183013983fbf6bcd087d03b97b') in 0.001 seconds [static dependencies only]. Details - ImportResultOutputID=9ceb99a21b9f1e61183206a57a741925 DependenciesID=62db83b32de75e99e6372269284b9ed5 StaticDependenciesID=a1b54e2544cad25e2581a68a81ec0d6c 
Importing 'GUID: 09e28640d754a611467eebfb261ed749 - Path: Packages/com.unity.modules.tilemap' with importer (DefaultImporter)
Imported 'GUID: 09e28640d754a611467eebfb261ed749' -> (Import Result ID: 'ebd352517667d8443f671f0c9184d205') in 0.002 seconds [static dependencies only]. Details - ImportResultOutputID=84462fd97657c416dad9f0a01ba73192 DependenciesID=29d3bfe7d456d8907a03020739d7e01c StaticDependenciesID=ce44db5148078eb257abac946542876a 
Importing 'GUID: 39728903e57c60021f80449a8bbc0096 - Path: Packages/com.unity.modules.ui' with importer (DefaultImporter)
Imported 'GUID: 39728903e57c60021f80449a8bbc0096' -> (Import Result ID: '14af1c1fe9b4344526c7abc7277865ba') in 0.001 seconds [static dependencies only]. Details - ImportResultOutputID=d7a4a57fb3c24edd8687328a72cff587 DependenciesID=0cabb1fe237f6e2870db6cbe4fe7714d StaticDependenciesID=7987e1d1c98b48c5c9b0f2593535bcb6 
Importing 'GUID: 995c08a3305ff9f0dab5e86f340bd9a7 - Path: Packages/com.unity.modules.androidjni' with importer (DefaultImporter)
Imported 'GUID: 995c08a3305ff9f0dab5e86f340bd9a7' -> (Import Result ID: '7b492b591b9d3584a296b7b0684c5401') in 0.001 seconds [static dependencies only]. Details - ImportResultOutputID=30c3e7dc197ceabd471c943bc8eba608 DependenciesID=faf61f76801951cfa59516412b2b13b1 StaticDependenciesID=7fd9f0004f17629d4d9d9feca2f3e278 
Importing 'GUID: b975297a992381c1f3257d0e96892c8a - Path: Packages/com.unity.modules.adaptiveperformance' with importer (DefaultImporter)
Imported 'GUID: b975297a992381c1f3257d0e96892c8a' -> (Import Result ID: '09b5737ae59228e363abcb2ff4185182') in 0.001 seconds [static dependencies only]. Details - ImportResultOutputID=7f7b3e23eb4697a89925ff793958e5e5 DependenciesID=189ada4fed7b7e887deb266fb88527db StaticDependenciesID=35431dd8b0e2dfe624f935c9489c30b6 
Importing 'GUID: e9a46d0940097b5c2c483622a7effc59 - Path: Packages/com.unity.multiplayer.center' with importer (DefaultImporter)
Imported 'GUID: e9a46d0940097b5c2c483622a7effc59' -> (Import Result ID: 'e523951dcd125a076ea11b3bb912a5a4') in 0.001 seconds [static dependencies only]. Details - ImportResultOutputID=f3046c93bbe9d773216fbea661ffa254 DependenciesID=c766819d23994bdbd17a22e78887e13c StaticDependenciesID=a60614908a50f61a37fbff7285f33632 
Importing 'GUID: 6b81377a4453ba7362eb3322f9bcc6c6 - Path: Packages/com.unity.modules.hierarchycore' with importer (DefaultImporter)
Imported 'GUID: 6b81377a4453ba7362eb3322f9bcc6c6' -> (Import Result ID: 'e0668cd424b6bb12556c4c88c74d266e') in 0.001 seconds [static dependencies only]. Details - ImportResultOutputID=75a6fa83ac96f5339da373cd4f5c6e37 DependenciesID=8b451ff511200feb68aa856fdbe872bd StaticDependenciesID=7e87cdcfb0cb51b1a17de4888a09662e 
Importing 'GUID: 1cf2469083ffa484da4d78dd70d708e8 - Path: Packages/com.unity.modules.vehicles' with importer (DefaultImporter)
Imported 'GUID: 1cf2469083ffa484da4d78dd70d708e8' -> (Import Result ID: 'd484d24194dbdf33022056e2b1813ffc') in 0.001 seconds [static dependencies only]. Details - ImportResultOutputID=62c710cd8c5682c589eec3677adcbda2 DependenciesID=f186032b2bf68e59cc971d537d17d2b7 StaticDependenciesID=a6d63e74cac70c2a50bb8c5412507381 
Importing 'GUID: 9c7c268fa6492449654839df69f2a2f4 - Path: Packages/com.unity.modules.umbra' with importer (DefaultImporter)
Imported 'GUID: 9c7c268fa6492449654839df69f2a2f4' -> (Import Result ID: 'e3e7590697be8f3eaf22563b99c0de12') in 0.001 seconds [static dependencies only]. Details - ImportResultOutputID=bf70ea01e70089eaf818b9fb19bb1807 DependenciesID=89e18838790933a04d251fbe0a66feeb StaticDependenciesID=7b52fe256f656cb19fb4a481542b8de1 
Importing 'GUID: dcc8c6e92b172a65719af5ddf47dd968 - Path: Packages/com.unity.modules.unitywebrequestwww' with importer (DefaultImporter)
Imported 'GUID: dcc8c6e92b172a65719af5ddf47dd968' -> (Import Result ID: 'c5e9d32991bc480f4abb3007e4eafc20') in 0.001 seconds [static dependencies only]. Details - ImportResultOutputID=1475fc509da6d933479c8ee5d6c4eeff DependenciesID=ac2c13c6e43956af0f433e1db96c09c1 StaticDependenciesID=a210a1122b7dd2b944cf4a2ed39f7ebc 
Importing 'GUID: fc3a810351931f5e6183e16b9beb5563 - Path: Packages/com.unity.modules.jsonserialize' with importer (DefaultImporter)
Imported 'GUID: fc3a810351931f5e6183e16b9beb5563' -> (Import Result ID: '64859958ccf1e2db5e09c361794e1f6c') in 0.001 seconds [static dependencies only]. Details - ImportResultOutputID=65186f4186bf0f33d3946d1d6d75958c DependenciesID=fae883bb4d985a9d790ce2593e9c8994 StaticDependenciesID=8295b792470579d57941ab04af89f790 
Importing 'GUID: 2d142b475fbfb8cf12ba3a795194300a - Path: Packages/com.unity.modules.director' with importer (DefaultImporter)
Imported 'GUID: 2d142b475fbfb8cf12ba3a795194300a' -> (Import Result ID: '167747f1a52f7eb4b212682fa6b81066') in 0.001 seconds [static dependencies only]. Details - ImportResultOutputID=ba08ff1508e195419df3d8b0ff8d3bd4 DependenciesID=2a8c15376a777b59f5a42aff7460a7a4 StaticDependenciesID=8a4bebab4fddb3fbbc3d794ac30153f9 
Importing 'GUID: 2d6ba5cbe47e6ad3c87474c56174d4e0 - Path: Packages/com.unity.modules.audio' with importer (DefaultImporter)
Imported 'GUID: 2d6ba5cbe47e6ad3c87474c56174d4e0' -> (Import Result ID: 'fdaaaea30fe180bc04e461a556693a1f') in 0.001 seconds [static dependencies only]. Details - ImportResultOutputID=8643a11ddcb415e1ae77356bdcd0e31f DependenciesID=25f9d0671fd0d4f37da2ead7c31143a5 StaticDependenciesID=2ff39f5c93529778aafe692e74132cab 
Importing 'GUID: ede0462698a4a5643aa9872c074acd38 - Path: Packages/com.unity.modules.video' with importer (DefaultImporter)
Imported 'GUID: ede0462698a4a5643aa9872c074acd38' -> (Import Result ID: 'fa19b458bd2a38be7835f7111b4c3b00') in 0.001 seconds [static dependencies only]. Details - ImportResultOutputID=f060305cf9a7601b6327f110dec53cf0 DependenciesID=cf4ce5fadf52fddb0bffa88be07c62b5 StaticDependenciesID=8313ec214f0a7d580df79b565c2e82eb 
Importing 'GUID: fd871a8be47119612f7c254e96a822b7 - Path: Packages/com.unity.modules.ai' with importer (DefaultImporter)
Imported 'GUID: fd871a8be47119612f7c254e96a822b7' -> (Import Result ID: 'f8db8ee4e19ca7875270c13a11649b9b') in 0.001 seconds [static dependencies only]. Details - ImportResultOutputID=0bf4624736b8f9ba8d25427695ddd8c6 DependenciesID=8407d264e2870fa733ca8b75f27696c2 StaticDependenciesID=60ac55ba0f0e83ff0744e349017d5e96 
Importing 'GUID: 5e22a8d6e557a1b3cae09054b0b5f9d8 - Path: Packages/com.unity.modules.physicscore2d' with importer (DefaultImporter)
Imported 'GUID: 5e22a8d6e557a1b3cae09054b0b5f9d8' -> (Import Result ID: '105150cf53106daea2c5b3b41c4cbfb5') in 0.001 seconds [static dependencies only]. Details - ImportResultOutputID=8aeec98806d48c587b06189bc919a668 DependenciesID=85fe88ca4f4fdbd538864fc4ce324b20 StaticDependenciesID=9bca5bb16668432354f208a37b47fd54 
Importing 'GUID: 6e1c8b97ec8aa0464e92506ffe099558 - Path: Packages/com.unity.modules.terrain' with importer (DefaultImporter)
Imported 'GUID: 6e1c8b97ec8aa0464e92506ffe099558' -> (Import Result ID: '691f9fd178c2f3bbd1b2c7f2e9e05f53') in 0.001 seconds [static dependencies only]. Details - ImportResultOutputID=81f0943dd12638364c9481b7c44326f7 DependenciesID=212473a748fd45bb74c9242a5a6b2e09 StaticDependenciesID=5d2cbab9c5d748eaf3eea6e5cf9bdbdd 
Importing 'GUID: 6f1c7ebc8ac78cb951be24c238cbd3ba - Path: Packages/com.unity.modules.unitywebrequesttexture' with importer (DefaultImporter)
Imported 'GUID: 6f1c7ebc8ac78cb951be24c238cbd3ba' -> (Import Result ID: '93afd43b71ab37900db96810516c5a49') in 0.001 seconds [static dependencies only]. Details - ImportResultOutputID=f756e1201c1cee903471ba41f17534ce DependenciesID=06d199a8daaba2c3145c763f5e54ae9e StaticDependenciesID=6bbe53969b04c417474f509ba5dd9f7f 
Importing 'GUID: 72aad6ae0dafb492cbf852432441bb38 - Path: Packages/com.unity.multiplayer.center/Editor' with importer (DefaultImporter)
Imported 'GUID: 72aad6ae0dafb492cbf852432441bb38' -> (Import Result ID: '23c609bb5d3776500964e51d11a6f45d') in 0.002 seconds [static dependencies only]. Details - ImportResultOutputID=fd813adfe6f53e0e5a3fd1bde50dd9b3 DependenciesID=8ef256964616b8aaeb672279607547c7 StaticDependenciesID=bc7ad81b0c1796687e8b806f5aac6d62 
Importing 'GUID: f247964bd405431fbd31840f97bef608 - Path: Packages/com.unity.multiplayer.center/Common' with importer (DefaultImporter)
Imported 'GUID: f247964bd405431fbd31840f97bef608' -> (Import Result ID: '18e546c780168da06bda156e0e91d875') in 0.001 seconds [static dependencies only]. Details - ImportResultOutputID=758923f3b917a744e934a49667168e4f DependenciesID=3d17e158704414be44820745002ad775 StaticDependenciesID=0f5b0d577c40d764710f1d389fbef31d 
Importing 'GUID: baf75c9d3de4941df9ee5f3dd1d3bc34 - Path: Packages/com.unity.multiplayer.center/Tests' with importer (DefaultImporter)
Imported 'GUID: baf75c9d3de4941df9ee5f3dd1d3bc34' -> (Import Result ID: '0c02e1917e7d769a556dc804bd5c06a0') in 0.001 seconds [static dependencies only]. Details - ImportResultOutputID=472be40ede228cb93594a902416e88d6 DependenciesID=fccce4aff907ba582ab057da09426ca4 StaticDependenciesID=ab68b37705a23cb931c5480c6a2009c2 
Importing 'GUID: 21f32d2f4add49b3b11fadb6889a2156 - Path: Packages/com.unity.multiplayer.center/Editor/Analytics' with importer (DefaultImporter)
Imported 'GUID: 21f32d2f4add49b3b11fadb6889a2156' -> (Import Result ID: 'ec3530efaa925f242a1d7b37e2511fac') in 0.001 seconds [static dependencies only]. Details - ImportResultOutputID=7627045f4445b3bccda132ac184a65c4 DependenciesID=ff6e7ff7989a81eb99f21f83a83608f1 StaticDependenciesID=85dea544c47988addc3124f5c7fb5701 
Importing 'GUID: 22d3dbf8d488d49d2b1130d698010dee - Path: Packages/com.unity.multiplayer.center/Editor/Features' with importer (DefaultImporter)
Imported 'GUID: 22d3dbf8d488d49d2b1130d698010dee' -> (Import Result ID: 'fb0aa43c9511eaea9425541f2fe7f290') in 0.001 seconds [static dependencies only]. Details - ImportResultOutputID=fb074caa7d2abd29e270db3a9b71e3a9 DependenciesID=7611f4541bbe893b08bfab02cc86d1bb StaticDependenciesID=54f8b153f8514057e0408931b2954b52 
Importing 'GUID: 96c71b811fa50403690b154e216fe217 - Path: Packages/com.unity.multiplayer.center/Tests/Editor' with importer (DefaultImporter)
Imported 'GUID: 96c71b811fa50403690b154e216fe217' -> (Import Result ID: '2a7a53fb280c0e236360bfed22d5107d') in 0.001 seconds [static dependencies only]. Details - ImportResultOutputID=c9c8f2de7834bb2ffb0da4bb4f2955fa DependenciesID=3bf95d95c8f8c68e849b056e15257e44 StaticDependenciesID=1d182c1bd3b7e05db307ecf5c68fdd24 
Importing 'GUID: 1726448925bf4bd1af6ca883bae8ff3f - Path: Packages/com.unity.multiplayer.center/Editor/OnBoarding' with importer (DefaultImporter)
Imported 'GUID: 1726448925bf4bd1af6ca883bae8ff3f' -> (Import Result ID: 'd9fe39903bd0077ff616cf0212752ec0') in 0.001 seconds [static dependencies only]. Details - ImportResultOutputID=14950a62abf6548e54801ab788e1f49c DependenciesID=fb66be4914dfeef02bce245c95d7fb41 StaticDependenciesID=7000f935ff9a18704e106692518f6b56 
Importing 'GUID: 97646f506bf040e9bd4568124c8b425e - Path: Packages/com.unity.multiplayer.center/Editor/Recommendations' with importer (DefaultImporter)
Imported 'GUID: 97646f506bf040e9bd4568124c8b425e' -> (Import Result ID: '485e4f87182f6d1baf8dc9dbc78cedb9') in 0.001 seconds [static dependencies only]. Details - ImportResultOutputID=56d8246ba8918c014e8884d34d60ce31 DependenciesID=5120bfcae0085108497882361d021813 StaticDependenciesID=aac44ce2f7ab728e3b877892a0b5569b 
Importing 'GUID: a7f089ed51c2345ffb7ac0bc3562453f - Path: Packages/com.unity.multiplayer.center/Editor/Questionnaire' with importer (DefaultImporter)
Imported 'GUID: a7f089ed51c2345ffb7ac0bc3562453f' -> (Import Result ID: '8a9f186a82ded53d461d1b6da4524d8c') in 0.001 seconds [static dependencies only]. Details - ImportResultOutputID=961ee9ffe5dc2d5b9b5d9f6c51e99710 DependenciesID=b2743188ea84125ce1498a0557e34c1e StaticDependenciesID=f63abd8ddfec2a8be602d4c30e8276a8 
Importing 'GUID: 7a7dcde6448847648629a13d746ce966 - Path: Packages/com.unity.multiplayer.center/Editor/MultiplayerCenterWindow' with importer (DefaultImporter)
Imported 'GUID: 7a7dcde6448847648629a13d746ce966' -> (Import Result ID: '95372a6fcb56f96b5a653d4273d4bc48') in 0.001 seconds [static dependencies only]. Details - ImportResultOutputID=f055dd0afc5a900e3f0e5d75be0487c5 DependenciesID=b3b8c62840ad550240196f22508887e3 StaticDependenciesID=33a4932c971d396ab17d52c1bd069c07 
Importing 'GUID: 8e4d240cf158245a9945c4df01d83bc1 - Path: Packages/com.unity.multiplayer.center/Tests/Runtime' with importer (DefaultImporter)
Imported 'GUID: 8e4d240cf158245a9945c4df01d83bc1' -> (Import Result ID: '10e41c23d98ab64b33863115ddae6f01') in 0.001 seconds [static dependencies only]. Details - ImportResultOutputID=8d471bf8668065aa423a9a6138166117 DependenciesID=ec03e650b42b6bbda640bd973b69886b StaticDependenciesID=5c5786ead3ee721f908e630904d62f5e 
Importing 'GUID: 9bd34ec3fe8f4aed936c3a0cf2f32e56 - Path: Packages/com.unity.multiplayer.center/Editor/MultiplayerCenterWindow/UI' with importer (DefaultImporter)
Imported 'GUID: 9bd34ec3fe8f4aed936c3a0cf2f32e56' -> (Import Result ID: 'b48dfe06d07978df6274363d8fc6553f') in 0.001 seconds [static dependencies only]. Details - ImportResultOutputID=ccc1a09d4a030f52c953d2f3937aac55 DependenciesID=7bacf4804e64c8dc4167e0f92a364e35 StaticDependenciesID=5d66adcfff19caa3671999dd06866763 
Importing 'GUID: 34a09eb4d6e8d44989194a25525c5147 - Path: Packages/com.unity.multiplayer.center/Editor/MultiplayerCenterWindow/UI/Icons' with importer (DefaultImporter)
Imported 'GUID: 34a09eb4d6e8d44989194a25525c5147' -> (Import Result ID: '243ea0d6df4ab44092f6ff0fb8b7111c') in 0.001 seconds [static dependencies only]. Details - ImportResultOutputID=09fc5dce3344b58f3587b00bf4b13d7d DependenciesID=b828e0a8e97869abd6ec3633d124cd8a StaticDependenciesID=fa7c960be44424961bad7b2ca3eec27d 
Importing 'GUID: eab7f42d361b483aaa760c5909002312 - Path: Packages/com.unity.multiplayer.center/Editor/MultiplayerCenterWindow/UI/RecommendationView' with importer (DefaultImporter)
Imported 'GUID: eab7f42d361b483aaa760c5909002312' -> (Import Result ID: '9b69e80e5f44bfec80b8c9c45a205878') in 0.001 seconds [static dependencies only]. Details - ImportResultOutputID=378cb1e8c5b18b814304dca778da9b61 DependenciesID=0ef1e4dbdf1cdf2d67a998ba951edeb3 StaticDependenciesID=1154a8134540c29e60250ba3117dcdd8 
Importing 'GUID: 84abd2ab34a74600a33a3bb9d72859fe - Path: Packages/com.unity.multiplayer.center/Common/Unity.Multiplayer.Center.Common.asmdef' with importer (AssemblyDefinitionImporter)
Imported 'GUID: 84abd2ab34a74600a33a3bb9d72859fe' -> (Import Result ID: '6c9d115a901c33af4118f6ed6e4ddf04') in 0.001 seconds [static dependencies only]. Details - ImportResultOutputID=ac464dd06d5a61d0a978410378529929 DependenciesID=8be7870fb62e65952c5def4fd492d66f StaticDependenciesID=a853fd4a96f03492fa3c28ef0741167c 
Importing 'GUID: 2664430aff4254d79887d32c3fc1e221 - Path: Packages/com.unity.multiplayer.center/Tests/Runtime/Unity.Multiplayer.Center.Tests.asmdef' with importer (AssemblyDefinitionImporter)
Imported 'GUID: 2664430aff4254d79887d32c3fc1e221' -> (Import Result ID: 'b40132e89914e5c8b22d124c99b07cc5') in 0.002 seconds [static dependencies only]. Details - ImportResultOutputID=95a86e32d35475cb5d001317bedd07f9 DependenciesID=e2872515ede91ad4d24d7ab060306ec9 StaticDependenciesID=4e8dbf8795972d03aabfa130ea7048cb 
Importing 'GUID: 787ec048daec145b580d1134da5dd278 - Path: Packages/com.unity.multiplayer.center/Tests/Editor/Unity.Multiplayer.Center.Editor.Tests.asmdef' with importer (AssemblyDefinitionImporter)
Imported 'GUID: 787ec048daec145b580d1134da5dd278' -> (Import Result ID: '35604bfee40c3ed7c136cf9e7799216f') in 0.001 seconds [static dependencies only]. Details - ImportResultOutputID=5633ff3ec6bb0acbf28d7a77a2b8f7bf DependenciesID=1a6ffdcd75b6f22b16b95b17d091a4cb StaticDependenciesID=679fb8d695a64f5dbb0fa4f71fffe747 
Importing 'GUID: be17709716f1648caa5de6d0c38103ed - Path: Packages/com.unity.multiplayer.center/Editor/Unity.Multiplayer.Center.Editor.asmdef' with importer (AssemblyDefinitionImporter)
Imported 'GUID: be17709716f1648caa5de6d0c38103ed' -> (Import Result ID: '23ef6da53a5f71c63e20526ddba009bc') in 0.001 seconds [static dependencies only]. Details - ImportResultOutputID=10fe3792e6d1c78b2e7ea8dd1292fc3b DependenciesID=7e3273d718eacf13a5c79da027e74b14 StaticDependenciesID=dbdff9f679e801053751a0b9a741b7bf 
Importing 'GUID: 51fa60bb2bd1e5bc74e8cc95a7bfd5b7 - Path: Packages/com.unity.modules.ui/package.ModuleCompilationTrigger' with importer (DefaultImporter)
Imported 'GUID: 51fa60bb2bd1e5bc74e8cc95a7bfd5b7' -> (Import Result ID: 'da7146f36f38740ef799f0a8ef745d23') in 0.021 seconds [static dependencies only]. Details - ImportResultOutputID=97b097896283fafd162f5103b6da9350 DependenciesID=4055109e607a57d2f1170335fea6f5b6 StaticDependenciesID=5848334a9c3afd485e2598f9889c3997 
Importing 'GUID: 71136fc5cf34f2cc10be0e33c0b08019 - Path: Packages/com.unity.modules.unityanalytics/package.ModuleCompilationTrigger' with importer (DefaultImporter)
Imported 'GUID: 71136fc5cf34f2cc10be0e33c0b08019' -> (Import Result ID: 'c2cc8d44df7f5af9e1e985f1d9865d62') in 0.001 seconds [static dependencies only]. Details - ImportResultOutputID=aad00463857b0f3e239972e5a10e3f79 DependenciesID=a25355b1f61f4e9b345bac29fd9b08e8 StaticDependenciesID=41146bf4729f508cca7dacdbd0e1a276 
Importing 'GUID: a1c42005fe7c5d78585a77ce396a5eea - Path: Packages/com.unity.modules.tilemap/package.ModuleCompilationTrigger' with importer (DefaultImporter)
Imported 'GUID: a1c42005fe7c5d78585a77ce396a5eea' -> (Import Result ID: '9c3c1d0ba83a16e4c4a83a2f41692d08') in 0.001 seconds [static dependencies only]. Details - ImportResultOutputID=7c7d529048f5d74f6d499dae097a185f DependenciesID=5f8ce6bc7974e56dfdddc39a261f477e StaticDependenciesID=277d2b2428c983744b7499182ac4ba84 
Importing 'GUID: d104359075a97392b803d3d5aebc77f7 - Path: Packages/com.unity.modules.hierarchycore/package.ModuleCompilationTrigger' with importer (DefaultImporter)
Imported 'GUID: d104359075a97392b803d3d5aebc77f7' -> (Import Result ID: '8b98a5fe5858dc93826cc9182b55b8d6') in 0.000 seconds [static dependencies only]. Details - ImportResultOutputID=8ec3343e917ef007d455acfe45d3ee72 DependenciesID=d008787e17d87cb605ed1ccbc581003a StaticDependenciesID=94821274a794f23a96a8ba01e4b49dee 
Importing 'GUID: 222fc39b0c85d800342910da2cd64781 - Path: Packages/com.unity.modules.assetbundle/package.ModuleCompilationTrigger' with importer (DefaultImporter)
Imported 'GUID: 222fc39b0c85d800342910da2cd64781' -> (Import Result ID: '1101de849aa6e1f7c98985896880952a') in 0.000 seconds [static dependencies only]. Details - ImportResultOutputID=a4749f3da6b6adf8eaabf6e5477b2b7c DependenciesID=8b04f1ddbfa7431f89658cd91664d885 StaticDependenciesID=500cfa9f4f7e5cbc078b469ac6501081 
Importing 'GUID: d2ec2d1228c8e67cdd913cb5609176a2 - Path: Packages/com.unity.modules.unitywebrequest/package.ModuleCompilationTrigger' with importer (DefaultImporter)
Imported 'GUID: d2ec2d1228c8e67cdd913cb5609176a2' -> (Import Result ID: '296c61c72fc18aae62e029680fdf1f70') in 0.000 seconds [static dependencies only]. Details - ImportResultOutputID=37747859ed12efda2a92d3d840e79b06 DependenciesID=867908489ffc67ae501fabe328861d70 StaticDependenciesID=750bd098b18a5b61d3f5f7418463389e 
Importing 'GUID: e2d09a26ce46dc617b54e49a534ace20 - Path: Packages/com.unity.modules.ai/package.ModuleCompilationTrigger' with importer (DefaultImporter)
Imported 'GUID: e2d09a26ce46dc617b54e49a534ace20' -> (Import Result ID: 'e44138a037f95ae0f3555e190bed5c99') in 0.000 seconds [static dependencies only]. Details - ImportResultOutputID=01c973ad27769bdd61dcc3de2d8629ac DependenciesID=b69e40e5c70883eb0dd101c93a7ccd24 StaticDependenciesID=bbdbf9d032ba6d01cfa4bce94e2d803d 
Importing 'GUID: 23032f4383e95e772bce465c5896d0fd - Path: Packages/com.unity.modules.terrain/package.ModuleCompilationTrigger' with importer (DefaultImporter)
Imported 'GUID: 23032f4383e95e772bce465c5896d0fd' -> (Import Result ID: '7f50f6641b8329ddc918445dedab9710') in 0.001 seconds [static dependencies only]. Details - ImportResultOutputID=43caf76539e87b0b5e506fce22b32e8c DependenciesID=94d485d7451611581239c6468571fe1f StaticDependenciesID=0a97893ec1eeb18c8663bae8572305fa 
Importing 'GUID: 830a36a23cf3ab1e61fa47940a6dc35e - Path: Packages/com.unity.modules.imageconversion/package.ModuleCompilationTrigger' with importer (DefaultImporter)
Imported 'GUID: 830a36a23cf3ab1e61fa47940a6dc35e' -> (Import Result ID: 'c66208759bd0d44fd4d2a27542eefb33') in 0.000 seconds [static dependencies only]. Details - ImportResultOutputID=1312c79305670b6aa3bce9ff3efd03b9 DependenciesID=f8cb08a20abc734962c2341d4974f066 StaticDependenciesID=8d04c7f3854d2da2a085adb5c4d3be84 
Importing 'GUID: a31a332ce3485f00f7df8d987302a29c - Path: Packages/com.unity.modules.unitywebrequesttexture/package.ModuleCompilationTrigger' with importer (DefaultImporter)
Imported 'GUID: a31a332ce3485f00f7df8d987302a29c' -> (Import Result ID: 'f15c9af3d2039aaf9ce01f0bf8ff71ff') in 0.000 seconds [static dependencies only]. Details - ImportResultOutputID=54d1731c77f760b5355a2b1bfa92527b DependenciesID=d91119666f9007d1f765712f56c16fa4 StaticDependenciesID=dee0dcfd3ef57403565228da4125b8de 
Importing 'GUID: 042dc296246916648e55a43d0eeb2036 - Path: Packages/com.unity.modules.audio/package.ModuleCompilationTrigger' with importer (DefaultImporter)
Imported 'GUID: 042dc296246916648e55a43d0eeb2036' -> (Import Result ID: '825ada01a22a932fe6b253644dbb5f47') in 0.000 seconds [static dependencies only]. Details - ImportResultOutputID=ab0921e937c1d9c2d7fbdebe7091d6c2 DependenciesID=6049530c758a625436c89437f1cf97e1 StaticDependenciesID=533919d559210c186a6980f973acb706 
Importing 'GUID: 14e86f88e9a8c9c448d7e7df92f2aeec - Path: Packages/com.unity.modules.physicscore2d/package.ModuleCompilationTrigger' with importer (DefaultImporter)
Imported 'GUID: 14e86f88e9a8c9c448d7e7df92f2aeec' -> (Import Result ID: '770388cac41ce694b07489e2f2fbdbb4') in 0.000 seconds [static dependencies only]. Details - ImportResultOutputID=94d25b776bc28f679880cb17bd31ec6c DependenciesID=ffaa61fcace8cf822466238f111acb5a StaticDependenciesID=5ffdfec73670d4b28ccaa62dac2ca25a 
Importing 'GUID: 553737203d61a8109f9544a97201e1aa - Path: Packages/com.unity.modules.unitywebrequestaudio/package.ModuleCompilationTrigger' with importer (DefaultImporter)
Imported 'GUID: 553737203d61a8109f9544a97201e1aa' -> (Import Result ID: '7ca73d9034ac45ff1e0197fdf35e08a3') in 0.000 seconds [static dependencies only]. Details - ImportResultOutputID=ab514c5cded186b91986c4c830fcf71c DependenciesID=34850208eb119edf5d6622a5c610c106 StaticDependenciesID=247311b246c100a80666508820f68acb 
Importing 'GUID: e5c46c19ce0ce2e0103aa6f82df1043a - Path: Packages/com.unity.modules.vehicles/package.ModuleCompilationTrigger' with importer (DefaultImporter)
Imported 'GUID: e5c46c19ce0ce2e0103aa6f82df1043a' -> (Import Result ID: 'f77e4bccb0b3567a5c46f6fdc6f99ed9') in 0.000 seconds [static dependencies only]. Details - ImportResultOutputID=7ed92368dde83c4f4274e94d1167c911 DependenciesID=27d2964b74dc34c14b0189b826737101 StaticDependenciesID=58c585336f8155249eb983aaea149696 
Importing 'GUID: 7610600f5c83e01041a6fe849d39279f - Path: Packages/com.unity.modules.unitywebrequestassetbundle/package.ModuleCompilationTrigger' with importer (DefaultImporter)
Imported 'GUID: 7610600f5c83e01041a6fe849d39279f' -> (Import Result ID: 'bfef23b9481899930568bcc1f4643467') in 0.000 seconds [static dependencies only]. Details - ImportResultOutputID=8003247251fb87c113fccdf168b06d46 DependenciesID=30f2e91d26e25092783770b9c887ec1e StaticDependenciesID=c2c7775d2cb060c8f328513614b8d3d0 
Importing 'GUID: e6a135e3ea9cb46795d1b0e05ac3e1e5 - Path: Packages/com.unity.modules.jsonserialize/package.ModuleCompilationTrigger' with importer (DefaultImporter)
Imported 'GUID: e6a135e3ea9cb46795d1b0e05ac3e1e5' -> (Import Result ID: '4cdab18d31f425b5b000c178ce4411d7') in 0.000 seconds [static dependencies only]. Details - ImportResultOutputID=16fe18d7d4fb3289b89d1d866fdd26db DependenciesID=13fef97da21472d8b844ad9b278d33c8 StaticDependenciesID=4a0c3cda941c34f53512e620dc71b2ee 
Importing 'GUID: f62135e79edb837b2d2ee3c524da864c - Path: Packages/com.unity.modules.video/package.ModuleCompilationTrigger' with importer (DefaultImporter)
Imported 'GUID: f62135e79edb837b2d2ee3c524da864c' -> (Import Result ID: 'b1c90bbcac1740bfef19081eb2624ac9') in 0.000 seconds [static dependencies only]. Details - ImportResultOutputID=f343425462c7ecc24009b61dff957b85 DependenciesID=0b41a7c0880be7c0cfc3123e3cc9df88 StaticDependenciesID=3ed9b40a0b2b3c1dc15c737a860738bd 
Importing 'GUID: 17f093324b67f5bd57e55b546736750e - Path: Packages/com.unity.modules.particlesystem/package.ModuleCompilationTrigger' with importer (DefaultImporter)
Imported 'GUID: 17f093324b67f5bd57e55b546736750e' -> (Import Result ID: '0d2ddc786bdac7bda467072911da8e98') in 0.000 seconds [static dependencies only]. Details - ImportResultOutputID=0355b1352b2efc29f8c3d4c7ae63c7f1 DependenciesID=2958690ec73685b53b2fcd9cfd0b1254 StaticDependenciesID=85089510f0b3bed9d5698cc35811e520 
Importing 'GUID: 4745d06d5a7ca576dcf9e5e67b417652 - Path: Packages/com.unity.modules.accessibility/package.ModuleCompilationTrigger' with importer (DefaultImporter)
Imported 'GUID: 4745d06d5a7ca576dcf9e5e67b417652' -> (Import Result ID: '9f46fc08ebc806e148b3028026b922b2') in 0.000 seconds [static dependencies only]. Details - ImportResultOutputID=532470ed0227c311b25c8c9e8ba79400 DependenciesID=503091816945cb75b8aff54ef6e48dc4 StaticDependenciesID=2a1163b04495b287eee3f28aa095c5e4 
Importing 'GUID: c7a8b0317f4e68556d7509828e9e211e - Path: Packages/com.unity.modules.xr/package.ModuleCompilationTrigger' with importer (DefaultImporter)
Imported 'GUID: c7a8b0317f4e68556d7509828e9e211e' -> (Import Result ID: '3aae1004c356c0174b1d2014ff417205') in 0.000 seconds [static dependencies only]. Details - ImportResultOutputID=ae1b559a8646648d57c418658f22c1c3 DependenciesID=2a40ad50e5d83660c4346aa85c6f1fd5 StaticDependenciesID=e650a17c51a74b75b8ae09276ca1089c 
Importing 'GUID: 082fbee38a82835433261a5e9c00e267 - Path: Packages/com.unity.modules.cloth/package.ModuleCompilationTrigger' with importer (DefaultImporter)
Imported 'GUID: 082fbee38a82835433261a5e9c00e267' -> (Import Result ID: '68fe0adc66ccdd7718aefeef9e3899e7') in 0.000 seconds [static dependencies only]. Details - ImportResultOutputID=4484322f1fd307127a580e9b17cedb30 DependenciesID=b765e8dda1143a901b43862a90264c61 StaticDependenciesID=ef9fa225c23aecc2cc2d8ab5316d82e8 
Importing 'GUID: c82e859b16636ddd2ca4a1f63fd34938 - Path: Packages/com.unity.modules.androidjni/package.ModuleCompilationTrigger' with importer (DefaultImporter)
Imported 'GUID: c82e859b16636ddd2ca4a1f63fd34938' -> (Import Result ID: '1f7bd7b9ff84e0c63a1f30c0158813f6') in 0.000 seconds [static dependencies only]. Details - ImportResultOutputID=6a7f1eafcdb81a627586a74a505019b9 DependenciesID=7588d1a84adbbe84b3d276918e369fb4 StaticDependenciesID=00e8d98cc8487c72fc0bb1d83327e9f8 
Importing 'GUID: c88e90bad18cceb5d182d0c805883056 - Path: Packages/com.unity.modules.director/package.ModuleCompilationTrigger' with importer (DefaultImporter)
Imported 'GUID: c88e90bad18cceb5d182d0c805883056' -> (Import Result ID: '692b721ebaf01bf42014eff7cc287474') in 0.000 seconds [static dependencies only]. Details - ImportResultOutputID=5d286ef98cbac13e3d0e345aac901e4f DependenciesID=94ff21374e1176d68a537fdc52c3a414 StaticDependenciesID=02cee57ef9a66eaa5c0a5baea26241f2 
Importing 'GUID: 1af35a910338381f753e8a985eb5daab - Path: Packages/com.unity.modules.adaptiveperformance/package.ModuleCompilationTrigger' with importer (DefaultImporter)
Imported 'GUID: 1af35a910338381f753e8a985eb5daab' -> (Import Result ID: 'cce3e3bb6c2e43a4c05545493add7f67') in 0.000 seconds [static dependencies only]. Details - ImportResultOutputID=949634ab36822f8ff6168fc8c25e1508 DependenciesID=a86133a3cbf7d81a9d34c70dc70d412d StaticDependenciesID=72d9c9e598d42b502a015ca49e111ab5 
Importing 'GUID: 2adec19fac7df68adf1fd6eb83197bb1 - Path: Packages/com.unity.modules.wind/package.ModuleCompilationTrigger' with importer (DefaultImporter)
Imported 'GUID: 2adec19fac7df68adf1fd6eb83197bb1' -> (Import Result ID: '6a2f4ddbbdd2cee0e833c8e9b60c4930') in 0.000 seconds [static dependencies only]. Details - ImportResultOutputID=d94addc5fcd1dcd16d8a4aeff6e7315b DependenciesID=90bea73b66bc5a3ec0ae4d79132e1e3f StaticDependenciesID=5c1313ac4c6fbfe87cf9835fd6ebbe0d 
Importing 'GUID: 8a752aaaadd2410dd9a84e01c1bace9f - Path: Packages/com.unity.modules.uielements/package.ModuleCompilationTrigger' with importer (DefaultImporter)
Imported 'GUID: 8a752aaaadd2410dd9a84e01c1bace9f' -> (Import Result ID: 'f5a6218cbaa15cada75203b875739241') in 0.000 seconds [static dependencies only]. Details - ImportResultOutputID=f40b7d6a35d44b9d0813e881de9232d1 DependenciesID=ae9d6671a8106c6b2fa0b26490f56329 StaticDependenciesID=4de3b68478c6fcd93c95f2488f338125 
Importing 'GUID: 1b6246f2248883964991eac9e9b4817c - Path: Packages/com.unity.modules.umbra/package.ModuleCompilationTrigger' with importer (DefaultImporter)
Imported 'GUID: 1b6246f2248883964991eac9e9b4817c' -> (Import Result ID: 'c2593cc550babef9c4ef15c744157af8') in 0.000 seconds [static dependencies only]. Details - ImportResultOutputID=007489b112d859d85ac111b51d2b96fd DependenciesID=10afff1fecbc2b084ea0602712887ed3 StaticDependenciesID=b0e764f8a48c9617485bdd19a3be1f5f 
Importing 'GUID: cbb1a39d56ce4d9ac1a46ac505893fa7 - Path: Packages/com.unity.modules.terrainphysics/package.ModuleCompilationTrigger' with importer (DefaultImporter)
Imported 'GUID: cbb1a39d56ce4d9ac1a46ac505893fa7' -> (Import Result ID: 'c4e7922eced96fe170efe150661d1ab0') in 0.000 seconds [static dependencies only]. Details - ImportResultOutputID=62cb9b240430335886efec9a08c66b57 DependenciesID=ae5984d24878f2f9077435a5c18e04f6 StaticDependenciesID=ba12fc2658ed2d75c63a988a6e36bf9c 
Importing 'GUID: db8e609a39b9b231fccc54e5fa4cbd1b - Path: Packages/com.unity.modules.animation/package.ModuleCompilationTrigger' with importer (DefaultImporter)
Imported 'GUID: db8e609a39b9b231fccc54e5fa4cbd1b' -> (Import Result ID: 'c7dc61610ffe66c8b2c450fffe021fd6') in 0.000 seconds [static dependencies only]. Details - ImportResultOutputID=288139cac869a1d040c89eaede133db4 DependenciesID=acfd7624339c3516e2c486656c526f65 StaticDependenciesID=13c33991cd0835ecf3f1eb8d54af3532 
Importing 'GUID: 3cc1ebf2abb7fef6871ad48f499b6e21 - Path: Packages/com.unity.modules.vectorgraphics/package.ModuleCompilationTrigger' with importer (DefaultImporter)
Imported 'GUID: 3cc1ebf2abb7fef6871ad48f499b6e21' -> (Import Result ID: 'ec299a4f0aae8a8e3bbfb324e4cfef53') in 0.000 seconds [static dependencies only]. Details - ImportResultOutputID=a4c87958b226c4f900fbf4d18311cf6f DependenciesID=a316c13e63a531aea7592a16adcf5e4d StaticDependenciesID=d424393493e3c0a7c18d61c53795eace 
Importing 'GUID: 5c1ee4056d0ac7ad3c5a16597fcaa38a - Path: Packages/com.unity.modules.physics/package.ModuleCompilationTrigger' with importer (DefaultImporter)
Imported 'GUID: 5c1ee4056d0ac7ad3c5a16597fcaa38a' -> (Import Result ID: '55275c48f2a6e4d48c8aa1eeb75f6ed2') in 0.000 seconds [static dependencies only]. Details - ImportResultOutputID=47c1ddfb4cd3ec43bc350d5b06504d59 DependenciesID=48f26736b494d81c81a6df45682d2d56 StaticDependenciesID=bdc9ac5cc7a083ce43d55389511396dd 
Importing 'GUID: 8d4bc6bfa28760b29f13174d6b6ea710 - Path: Packages/com.unity.modules.subsystems/package.ModuleCompilationTrigger' with importer (DefaultImporter)
Imported 'GUID: 8d4bc6bfa28760b29f13174d6b6ea710' -> (Import Result ID: 'a3011318500a17343fe70ef583a7a064') in 0.000 seconds [static dependencies only]. Details - ImportResultOutputID=498ca2a2c24aa041ab5e98f608209a1b DependenciesID=877ad71b259b1853ca3cbcd22dbeced1 StaticDependenciesID=8f5974be53fcdb5273b9ca84be24fb20 
Importing 'GUID: cd561f5f687aed43bf280c27a84f79e3 - Path: Packages/com.unity.modules.screencapture/package.ModuleCompilationTrigger' with importer (DefaultImporter)
Imported 'GUID: cd561f5f687aed43bf280c27a84f79e3' -> (Import Result ID: '40aa626f7f34fb94afc221a2df05fb54') in 0.000 seconds [static dependencies only]. Details - ImportResultOutputID=3eb1964e8afbff2c421e099475927610 DependenciesID=932a9ff0221b28edb200a972ce2652f5 StaticDependenciesID=cb7d0a479851b0ff42d76c80e71ee100 
Importing 'GUID: ae87256f29d9c8b50490f4caf75b2c41 - Path: Packages/com.unity.modules.unitywebrequestwww/package.ModuleCompilationTrigger' with importer (DefaultImporter)
Imported 'GUID: ae87256f29d9c8b50490f4caf75b2c41' -> (Import Result ID: 'cf780f352da2f408d3699135526f8105') in 0.000 seconds [static dependencies only]. Details - ImportResultOutputID=79dda7a6ac07c59209ba94225ee33d24 DependenciesID=f5cac70939bf0516a32dd3f985297119 StaticDependenciesID=721e253293ef645f167612dcbc81e8bf 
Importing 'GUID: be13c398521e3c1ad21fb9da30ab2ab6 - Path: Packages/com.unity.modules.imgui/package.ModuleCompilationTrigger' with importer (DefaultImporter)
Imported 'GUID: be13c398521e3c1ad21fb9da30ab2ab6' -> (Import Result ID: 'b271e59c9cc378c98b4a96aa59e0c678') in 0.000 seconds [static dependencies only]. Details - ImportResultOutputID=68bbcc9e8372c6860b60d924cb4f595c DependenciesID=0f048d2c25447920d8aee15b7f46bdba StaticDependenciesID=c60d30096816420cf21f408d2eaffbc8 
Importing 'GUID: fe6a6957b37b61417b457a1e0541791d - Path: Packages/com.unity.modules.physics2d/package.ModuleCompilationTrigger' with importer (DefaultImporter)
Imported 'GUID: fe6a6957b37b61417b457a1e0541791d' -> (Import Result ID: 'bf99c7c3fa8aead1b3b167c8bea112f4') in 0.000 seconds [static dependencies only]. Details - ImportResultOutputID=007ff8c01aa675f4b695ba99a36210ad DependenciesID=88b918f05d5ac819ead3a3b060478b14 StaticDependenciesID=111770f12ca0822f165f44c14271bd5e 
Native extension for WindowsStandalone target not found
Native extension for OSXStandalone target not found
Native extension for WebGL target not found
ScheduleIndexationOnStartup MainProcess:True IndexOnStartup:True
Mono: successfully reloaded assembly
- Finished resetting the current domain, in  0.346 seconds
Domain Reload Profiling: 771ms
	BeginReloadAssembly (280ms)
		DisableScriptedObjects (22ms)
		CreateAndSetChildDomain (140ms)
	RebuildCommonClasses (6ms)
	RebuildNativeTypeToScriptingClass (12ms)
	initialDomainReloadingComplete (29ms)
	LoadAllAssembliesAndSetupDomain (96ms)
		LoadAssemblies (86ms)
		AnalyzeDomain (10ms)
			TypeCache.Refresh (6ms)
				TypeCache.ScanAssembly (3ms)
			BuildScriptInfoCaches (3ms)
	FinalizeReload (348ms)
		SetupLoadedEditorAssemblies (0ms)
			InitializePlatformSupportModulesInManaged (3ms)
			BeforeProcessingInitializeOnLoad (73ms)
			ProcessInitializeOnLoadAttributes (91ms)
			ProcessInitializeOnLoadMethodAttributes (55ms)
			AfterProcessingInitializeOnLoad (4ms)
		AwakeInstancesAfterBackupRestoration (19ms)
Importing 'GUID: 00000000000000005000000000000000 - Path: Library/BuildPlayer.prefs' with importer (DefaultImporter)
Imported 'GUID: 00000000000000005000000000000000' -> (Import Result ID: '26e9c7e281adb4cf8f3ea59b4c171d86') in 0.007 seconds [static dependencies only]. Details - ImportResultOutputID=1f9c19b30680da8dab47159f77a4e657 DependenciesID=14a8d38dd6eb846d74b0ecabdcf1e954 StaticDependenciesID=6a158df055d9d94d7d60efaaf8b24b39 
Importing 'GUID: a659150180ae3489ba41c71780ba3779 - Path: Packages/com.unity.multiplayer.center/Editor/Questionnaire/Questionnaire.questionnaire' with importer (DefaultImporter)
Imported 'GUID: a659150180ae3489ba41c71780ba3779' -> (Import Result ID: '19471d562c476916d1f667ed6008dc50') in 0.002 seconds [static dependencies only]. Details - ImportResultOutputID=d0013f3317022cee9d3e980e4260305c DependenciesID=0fcde0876bb965152ac9d9ca7a0177c8 StaticDependenciesID=0a7d03a814e41bbda829ef673fdc0f39 
Importing 'GUID: b66d076cdcfe3b14388de66307a0e7ff - Path: Packages/com.unity.multiplayer.center/Editor/Recommendations/RecommendationData_6000.0.recommendations' with importer (DefaultImporter)
Imported 'GUID: b66d076cdcfe3b14388de66307a0e7ff' -> (Import Result ID: 'd443778e565afac5b404b4a3c8ba5151') in 0.002 seconds [static dependencies only]. Details - ImportResultOutputID=c9abb0b20a8e8219707b06aa304df842 DependenciesID=dac82d15893b578599403115b66b9eb1 StaticDependenciesID=489e637ea4b10fba937871ecc0bed6f8 
Importing 'GUID: 318df756abab5463e9aa361360784865 - Path: Packages/com.unity.multiplayer.center/Editor/MultiplayerCenterWindow/UI/Icons/d_PackageInstalled@2x.png' with importer (TextureImporter)
Imported 'GUID: 318df756abab5463e9aa361360784865' -> (Import Result ID: 'a79b19a51e76f2b5ad6287f46a389a53') in 0.011 seconds [static and dynamic dependencies]. Details - ImportResultOutputID=7b3e219e801b2970aa4b8e91a6e014c3 DependenciesID=d218d463ae5c0f2a7f071bb7d3a6a319 StaticDependenciesID=676a434c83d6f0fc85958ffc61b2c34a 
Importing 'GUID: 424a8de5def3b46dcb08edd00ad1c7bd - Path: Packages/com.unity.multiplayer.center/Editor/MultiplayerCenterWindow/UI/Icons/Loading.png' with importer (TextureImporter)
Imported 'GUID: 424a8de5def3b46dcb08edd00ad1c7bd' -> (Import Result ID: '287bbf69b5aa9274c37a902f42555c19') in 0.002 seconds [static and dynamic dependencies]. Details - ImportResultOutputID=d282ad8093f74d34f6e060380d3dca47 DependenciesID=be6e3cb2cc90c116a7d58268c12e911a StaticDependenciesID=d2f3fd67d2eac8d20da59d58a0bbfab1 
Importing 'GUID: 525a6cca8dd9a4d28875a8fe824710d9 - Path: Packages/com.unity.multiplayer.center/Editor/MultiplayerCenterWindow/UI/Icons/d_Package.png' with importer (TextureImporter)
Imported 'GUID: 525a6cca8dd9a4d28875a8fe824710d9' -> (Import Result ID: 'e08a2c505541cb5010cfe60b65459fe3') in 0.003 seconds [static and dynamic dependencies]. Details - ImportResultOutputID=bfcebfae71b9bb988a30de0d5672d4dd DependenciesID=3492e318782f706cfd16db4e3c28aee4 StaticDependenciesID=fd7ef6f900dcc98cd00dafa7c517e51f 
Importing 'GUID: a23c0dd570fd44b57a03a8880002fcca - Path: Packages/com.unity.multiplayer.center/Editor/MultiplayerCenterWindow/UI/Icons/CloudCode@2x.png' with importer (TextureImporter)
Imported 'GUID: a23c0dd570fd44b57a03a8880002fcca' -> (Import Result ID: 'df93f8b8a4093247364c950db59c9b37') in 0.002 seconds [static and dynamic dependencies]. Details - ImportResultOutputID=c6358fe51cf309f2c7477bfabb4ce260 DependenciesID=952a0392b7361321b8fae9b56de9f84e StaticDependenciesID=53eefbeb88874fa656c30a6992976ad9 
Importing 'GUID: b2ce704e56cc84fb3b347499263c6244 - Path: Packages/com.unity.multiplayer.center/Editor/MultiplayerCenterWindow/UI/Icons/ClientHosted.png' with importer (TextureImporter)
Imported 'GUID: b2ce704e56cc84fb3b347499263c6244' -> (Import Result ID: 'e901bf621b67b870553b33bea355350a') in 0.002 seconds [static and dynamic dependencies]. Details - ImportResultOutputID=cc27c384cc0ba0240ada9c80ad74bf50 DependenciesID=42ebf3df4a7916a777ab7fc2649ff87e StaticDependenciesID=dbbc280e9cfc9540e17337985e9432fd 
Importing 'GUID: 0354877031b64465ea7e5cafea1a2653 - Path: Packages/com.unity.multiplayer.center/Editor/MultiplayerCenterWindow/UI/Icons/DistributedAuthority@2x.png' with importer (TextureImporter)
Imported 'GUID: 0354877031b64465ea7e5cafea1a2653' -> (Import Result ID: '8295871bb62ee8553864cd4bc9b494ed') in 0.002 seconds [static and dynamic dependencies]. Details - ImportResultOutputID=6fbec03b71bcb2ec1e8547a88707b22f DependenciesID=64f1e2b159950351bc56d8c315706210 StaticDependenciesID=c59afa8e6d1c388ec3739dc5d4f0ae91 
Importing 'GUID: 83b28bcaaf34b4fd580114fb05d9f160 - Path: Packages/com.unity.multiplayer.center/Editor/MultiplayerCenterWindow/UI/Icons/NGO@2x.png' with importer (TextureImporter)
Imported 'GUID: 83b28bcaaf34b4fd580114fb05d9f160' -> (Import Result ID: 'b541d29f8bff04f0d59c4393223a27ac') in 0.002 seconds [static and dynamic dependencies]. Details - ImportResultOutputID=772dcb03e60369106ef365319a87db82 DependenciesID=49be32f3020969f265981d2d1fac9991 StaticDependenciesID=8c84be2703390f97b8325aa11fb5feb6 
Importing 'GUID: 0423146d9f51c4563a0f2a8200b6cd38 - Path: Packages/com.unity.multiplayer.center/Editor/MultiplayerCenterWindow/UI/Icons/PackageInstalled@2x.png' with importer (TextureImporter)
Imported 'GUID: 0423146d9f51c4563a0f2a8200b6cd38' -> (Import Result ID: '0555026613a651c9315a4f1d9d6fcec8') in 0.002 seconds [static and dynamic dependencies]. Details - ImportResultOutputID=1338de21f7c2fa4383e3ca88705830bc DependenciesID=8be1b3ec42e83e62d9de6f51d84bed3d StaticDependenciesID=d2b72c94d81bef7a36c9a6456d5d534f 
Importing 'GUID: 741761e72e6f24446bd8ba03ea3d0261 - Path: Packages/com.unity.multiplayer.center/Editor/MultiplayerCenterWindow/UI/Icons/d_Questionnaire.png' with importer (TextureImporter)
Imported 'GUID: 741761e72e6f24446bd8ba03ea3d0261' -> (Import Result ID: 'b6ef1849c2d866fe6de81da39e4079ab') in 0.002 seconds [static and dynamic dependencies]. Details - ImportResultOutputID=d5911952ab73fb9328acfd63824c964f DependenciesID=b09b7bc803337776d18b429232d7ed82 StaticDependenciesID=2e312d124cb545638026726eb3aa4349 
Importing 'GUID: 84e4bbd00035e4671bf14e0380a89001 - Path: Packages/com.unity.multiplayer.center/Editor/MultiplayerCenterWindow/UI/Icons/EmptyViewIcon.png' with importer (TextureImporter)
Imported 'GUID: 84e4bbd00035e4671bf14e0380a89001' -> (Import Result ID: '2ec0ce225eca67886f07b3c798df8d9a') in 0.004 seconds [static and dynamic dependencies]. Details - ImportResultOutputID=76d6b85aa8a15d4a8ae015f296f51ae1 DependenciesID=55c3bbfb683e9ba8ac1902772c268f53 StaticDependenciesID=91428acf996ced3bd7e3ad87eabbf0ba 
Importing 'GUID: 9431e8221045c4af189b2fa7174b9e9f - Path: Packages/com.unity.multiplayer.center/Editor/MultiplayerCenterWindow/UI/Icons/PackageManager@2x.png' with importer (TextureImporter)
Imported 'GUID: 9431e8221045c4af189b2fa7174b9e9f' -> (Import Result ID: '899c309cb526b1ad2b1cbb3f5a1edce4') in 0.002 seconds [static and dynamic dependencies]. Details - ImportResultOutputID=0eae79e74758a42dfbc55db26668e041 DependenciesID=49423cbdc65a72f63ba60e66cf526497 StaticDependenciesID=5415f7f8ef260c27f36d50103bcf79bf 
Importing 'GUID: b58a826ca804e4c67bab4283ad5a6102 - Path: Packages/com.unity.multiplayer.center/Editor/MultiplayerCenterWindow/UI/Icons/NoNetcode@2x.png' with importer (TextureImporter)
Imported 'GUID: b58a826ca804e4c67bab4283ad5a6102' -> (Import Result ID: '04690932badc2e5c642ad3c95fba303a') in 0.002 seconds [static and dynamic dependencies]. Details - ImportResultOutputID=a9ecf5976239b590b6d16619175052a5 DependenciesID=5dfd35d35a55d2413c699967e90089c9 StaticDependenciesID=1c4d2f91a1a2391f618a22de0cc9b848 
Importing 'GUID: 4616b2fa4acd1429e931835b80966c2a - Path: Packages/com.unity.multiplayer.center/Editor/MultiplayerCenterWindow/UI/Icons/PackageInstalled.png' with importer (TextureImporter)
Imported 'GUID: 4616b2fa4acd1429e931835b80966c2a' -> (Import Result ID: '5715aaa68574e9d4205519392bff5ebf') in 0.002 seconds [static and dynamic dependencies]. Details - ImportResultOutputID=bd798ec3f747fde89dead2d80b72d461 DependenciesID=59d263e74f8f48fdb2f29834ca9be232 StaticDependenciesID=bc4ca2691d7da9b9105b0b4b0a7c5f67 
Importing 'GUID: a6fd0c627f5aa48fa81512221e70a11e - Path: Packages/com.unity.multiplayer.center/Editor/MultiplayerCenterWindow/UI/Icons/d_PackageManager@2x.png' with importer (TextureImporter)
Imported 'GUID: a6fd0c627f5aa48fa81512221e70a11e' -> (Import Result ID: 'b8cef46476637b70147b100feab8cf80') in 0.002 seconds [static and dynamic dependencies]. Details - ImportResultOutputID=12e58f5bf411668b6e251677b6ef1b18 DependenciesID=b66e888ec2e68ded2f3ed68edf35c5c7 StaticDependenciesID=3eb28988e0caffbc8606ba7448fbdb0f 
Importing 'GUID: d63245ece6d8f476c8c7ca24da9937f6 - Path: Packages/com.unity.multiplayer.center/Editor/MultiplayerCenterWindow/UI/Icons/DistributedAuthority.png' with importer (TextureImporter)
Imported 'GUID: d63245ece6d8f476c8c7ca24da9937f6' -> (Import Result ID: '244ee70769134d185f7acb26691cee9e') in 0.002 seconds [static and dynamic dependencies]. Details - ImportResultOutputID=92b5667117f11d2e389bea052cd41729 DependenciesID=0b9fab2a8bec1f421e2997e33f7a262f StaticDependenciesID=4087462b64bf37193952c711691e2485 
Importing 'GUID: 679f9999c6f8f497e806a2d5d0511879 - Path: Packages/com.unity.multiplayer.center/Editor/MultiplayerCenterWindow/UI/Icons/PackageManager.png' with importer (TextureImporter)
Imported 'GUID: 679f9999c6f8f497e806a2d5d0511879' -> (Import Result ID: '627c773b6aaf9fc4e93a764375c7f676') in 0.002 seconds [static and dynamic dependencies]. Details - ImportResultOutputID=b02c4fe1833aea72fb02778dc824a2c7 DependenciesID=bb1b1695fc35efcb26002857bc686eae StaticDependenciesID=ca7f9983dd0e301510f01f3aafed4c0d 
Importing 'GUID: 77be953cf28de42a4ad8532539fef3f5 - Path: Packages/com.unity.multiplayer.center/Editor/MultiplayerCenterWindow/UI/Icons/d_PackageInstalled.png' with importer (TextureImporter)
Imported 'GUID: 77be953cf28de42a4ad8532539fef3f5' -> (Import Result ID: 'be3ad83bc2e23d73ab5d6ca3bbfec8dd') in 0.002 seconds [static and dynamic dependencies]. Details - ImportResultOutputID=d6a25a9121e66113b20f3afa3cd4d951 DependenciesID=7b6f8a72b2f4253e9eb3c69f5533a6d6 StaticDependenciesID=1c8d6dc718f350f147ef59016542146d 
Importing 'GUID: c7a38e6eccbfc49778cb8b77f594a971 - Path: Packages/com.unity.multiplayer.center/Editor/MultiplayerCenterWindow/UI/Icons/ClientHosted@2x.png' with importer (TextureImporter)
Imported 'GUID: c7a38e6eccbfc49778cb8b77f594a971' -> (Import Result ID: 'fdc36697fd64706551522f010a8e2c0b') in 0.002 seconds [static and dynamic dependencies]. Details - ImportResultOutputID=b09f3fd0f43c36e0bbeed42da7f27d32 DependenciesID=000a89b9a8bfa98aec63ef16ccf068ec StaticDependenciesID=26c762357b2e667dfd9fd48826b9d0e4 
Importing 'GUID: d7711b0cc806d430b8a95f1e33ec3649 - Path: Packages/com.unity.multiplayer.center/Editor/MultiplayerCenterWindow/UI/Icons/CustomNetcode@2x.png' with importer (TextureImporter)
Imported 'GUID: d7711b0cc806d430b8a95f1e33ec3649' -> (Import Result ID: 'ac8f167226679e9d6e03f4a9c0ff67ae') in 0.002 seconds [static and dynamic dependencies]. Details - ImportResultOutputID=53d569e3b720cc34ea5c8a034151cf05 DependenciesID=3ca21935dac6e3d23d8d8e3dc193431b StaticDependenciesID=2fb8048331ee4b7c91600d6d83910676 
Importing 'GUID: 38b78df4a34c94fa6a52c90239606ff1 - Path: Packages/com.unity.multiplayer.center/Editor/MultiplayerCenterWindow/UI/Icons/DedicatedServer@2x.png' with importer (TextureImporter)
Imported 'GUID: 38b78df4a34c94fa6a52c90239606ff1' -> (Import Result ID: '503db98a9223953c8742c35d4e9d3975') in 0.002 seconds [static and dynamic dependencies]. Details - ImportResultOutputID=4f06f76c6158e4543074f806c5abdad1 DependenciesID=1600ab45d25c922b89a29f9a9c7e368f StaticDependenciesID=918f5189d91e3d0a7d02c77e7b1a2296 
Importing 'GUID: 29395f0639574c1fbc8b729aa257fb84 - Path: Packages/com.unity.multiplayer.center/Editor/MultiplayerCenterWindow/UI/Icons/d_Check.png' with importer (TextureImporter)
Imported 'GUID: 29395f0639574c1fbc8b729aa257fb84' -> (Import Result ID: '8447694c0bcde922cb304662629ed0ce') in 0.002 seconds [static and dynamic dependencies]. Details - ImportResultOutputID=573677078c790663e5307d8a479bac8b DependenciesID=b4d167d05c88314274885f342619420d StaticDependenciesID=7b63e129144b3a11b28f95e9f5bf21fc 
Importing 'GUID: 99da7b3894f364efdb5fa1443952a55d - Path: Packages/com.unity.multiplayer.center/Editor/MultiplayerCenterWindow/UI/Icons/NGO.png' with importer (TextureImporter)
Imported 'GUID: 99da7b3894f364efdb5fa1443952a55d' -> (Import Result ID: 'cfb6349bb60cefb8a60715aaceb23f8f') in 0.002 seconds [static and dynamic dependencies]. Details - ImportResultOutputID=bad428e51f4b4705801fc0f24d860dd5 DependenciesID=796733f3957bf489b5261429db186327 StaticDependenciesID=0e7b4d1db12f687a8b4cd84507f2bf7b 
Importing 'GUID: e9669051ff70449b5923861e0e0b8838 - Path: Packages/com.unity.multiplayer.center/Editor/MultiplayerCenterWindow/UI/Icons/N4E.png' with importer (TextureImporter)
Imported 'GUID: e9669051ff70449b5923861e0e0b8838' -> (Import Result ID: 'abdb6b705f7cc1c446c74089104b5651') in 0.002 seconds [static and dynamic dependencies]. Details - ImportResultOutputID=d0beed2f35ccc2deea7ab323f89f2784 DependenciesID=3aa226e9d58b99357ae6ecde0b1ff260 StaticDependenciesID=19c2e740ac7e708fceeadfc3248778a0 
Importing 'GUID: 2adffcc506285402aa795dee6f3166d0 - Path: Packages/com.unity.multiplayer.center/Editor/MultiplayerCenterWindow/UI/Icons/EmptyViewIcon@2x.png' with importer (TextureImporter)
Imported 'GUID: 2adffcc506285402aa795dee6f3166d0' -> (Import Result ID: '5cbc4feff27661ad165bb22efe4cd3ef') in 0.009 seconds [static and dynamic dependencies]. Details - ImportResultOutputID=9e0a583516c007bac2986a9b81d2862b DependenciesID=fe1279ecb45f37ad4c65d8b677a02a95 StaticDependenciesID=117861f82d2c00dc4f64af824b1cc14e 
Importing 'GUID: dab91f148d99946e7b3c3a87ecf4b973 - Path: Packages/com.unity.multiplayer.center/Editor/MultiplayerCenterWindow/UI/Icons/d_Loading.png' with importer (TextureImporter)
Imported 'GUID: dab91f148d99946e7b3c3a87ecf4b973' -> (Import Result ID: 'aa8d0185d09aa25accbfd8fbfa45e850') in 0.002 seconds [static and dynamic dependencies]. Details - ImportResultOutputID=952e6599db675d37b30984a69b1673fb DependenciesID=a1f3dc50f90958e0d7698345970a84f2 StaticDependenciesID=c9d121b982dcd02f23f0903164d32694 
Importing 'GUID: 1b4c88814ec6241eb8e327515399c006 - Path: Packages/com.unity.multiplayer.center/Editor/MultiplayerCenterWindow/UI/Icons/d_PackageManager.png' with importer (TextureImporter)
Imported 'GUID: 1b4c88814ec6241eb8e327515399c006' -> (Import Result ID: '2d3e528446baeebb1eda6eccc615187e') in 0.002 seconds [static and dynamic dependencies]. Details - ImportResultOutputID=f4069e30d42ea8c9cafed1884123e1ec DependenciesID=76e0109fc5d4589cb32bfc02fefed6f1 StaticDependenciesID=865ad88bb6477d8a53a8338110024d17 
Importing 'GUID: 2cb589d4e01184d928bb698f06e77561 - Path: Packages/com.unity.multiplayer.center/Editor/MultiplayerCenterWindow/UI/Icons/N4E@2x.png' with importer (TextureImporter)
Imported 'GUID: 2cb589d4e01184d928bb698f06e77561' -> (Import Result ID: '40724b6fdd33696b1940eed289981a38') in 0.002 seconds [static and dynamic dependencies]. Details - ImportResultOutputID=17c7a3d0ca17090bec44582f1efe94c4 DependenciesID=f3fb5c000811f74a7136a1c44dd1d7a2 StaticDependenciesID=ed22dc880a53f348a106df3615d19399 
Importing 'GUID: dce12af736e0a4a1ba35d6424f897dc9 - Path: Packages/com.unity.multiplayer.center/Editor/MultiplayerCenterWindow/UI/Icons/CustomNetcode.png' with importer (TextureImporter)
Imported 'GUID: dce12af736e0a4a1ba35d6424f897dc9' -> (Import Result ID: '896b890059e283bd95e63dd224c74fdd') in 0.002 seconds [static and dynamic dependencies]. Details - ImportResultOutputID=3c5fa2a20f4b6cbb2f2dc5691dc79919 DependenciesID=c645c9630d82910bf774191148bee17c StaticDependenciesID=4c00ee2ffc310b925f0aae58cbc6e647 
Importing 'GUID: 1daed49eec0f94f7ebb36dfef6159884 - Path: Packages/com.unity.multiplayer.center/Editor/MultiplayerCenterWindow/UI/Icons/NoNetcode.png' with importer (TextureImporter)
Imported 'GUID: 1daed49eec0f94f7ebb36dfef6159884' -> (Import Result ID: 'f33e770987c3e2039088b4c8445a22f3') in 0.002 seconds [static and dynamic dependencies]. Details - ImportResultOutputID=13189d9b479e4ddd553620c50c92394b DependenciesID=14ad3b7e76809df2d7e115b718d97986 StaticDependenciesID=61c10e7c30e6be8c2797f93c5583c51a 
Importing 'GUID: 9d9689eab72c8480c90679f4dcf18820 - Path: Packages/com.unity.multiplayer.center/Editor/MultiplayerCenterWindow/UI/Icons/Package.png' with importer (TextureImporter)
Imported 'GUID: 9d9689eab72c8480c90679f4dcf18820' -> (Import Result ID: 'f7d0997d84a9be23ee482389c20d134d') in 0.002 seconds [static and dynamic dependencies]. Details - ImportResultOutputID=b6d3a653600aea942500d151ed3b9937 DependenciesID=fd1b3b353ef8af7fd1e1cbab2a429d1c StaticDependenciesID=860c65b2e619d69679919f60be7a962d 
Importing 'GUID: ad1d29f4654194951a3c8bf507914d05 - Path: Packages/com.unity.multiplayer.center/Editor/MultiplayerCenterWindow/UI/Icons/CloudCode.png' with importer (TextureImporter)
Imported 'GUID: ad1d29f4654194951a3c8bf507914d05' -> (Import Result ID: '17768b8b62a7aca268353188447a042a') in 0.002 seconds [static and dynamic dependencies]. Details - ImportResultOutputID=c03c29ebf3759e18c71f16de3c16af8d DependenciesID=9e9b525dd490de84cdedfdb6a9d2f555 StaticDependenciesID=daa80e3a6e98a04002542119764a9cd1 
Importing 'GUID: dd70cd654275d47db807e918055e004f - Path: Packages/com.unity.multiplayer.center/Editor/MultiplayerCenterWindow/UI/Icons/Questionnaire.png' with importer (TextureImporter)
Imported 'GUID: dd70cd654275d47db807e918055e004f' -> (Import Result ID: 'bf8d76327f15e209dab95cec7e62a8ca') in 0.002 seconds [static and dynamic dependencies]. Details - ImportResultOutputID=80d4879d29e7a48aed056aa69da5b790 DependenciesID=14db4c187e85086791e37a0d0c7bc385 StaticDependenciesID=630c0ed723927027919e94fab4993f50 
Importing 'GUID: 3fe892784421e47f5aa40c2784a6cb3e - Path: Packages/com.unity.multiplayer.center/Editor/MultiplayerCenterWindow/UI/Icons/DedicatedServer.png' with importer (TextureImporter)
Imported 'GUID: 3fe892784421e47f5aa40c2784a6cb3e' -> (Import Result ID: '8353568f3f35be8ed42825e96524812d') in 0.002 seconds [static and dynamic dependencies]. Details - ImportResultOutputID=7b5f6dc459963bd9aa1aad179f2877d0 DependenciesID=9de672b24f7827e2ba0eb910ef8c69c5 StaticDependenciesID=e5bf9eeff5c99f9081d73e3e8ce1d711 
Importing 'GUID: 4f78a544322c742b89e63fb68557b1d2 - Path: Packages/com.unity.multiplayer.center/Editor/MultiplayerCenterWindow/UI/Icons/Check.png' with importer (TextureImporter)
Imported 'GUID: 4f78a544322c742b89e63fb68557b1d2' -> (Import Result ID: '0d6ebf41b9e3a41f60868f17379aaa7d') in 0.002 seconds [static and dynamic dependencies]. Details - ImportResultOutputID=508bc9db54eed6c8b665de662932ae3e DependenciesID=1b5e1f37d141dcaa225d51391fe845d9 StaticDependenciesID=418c3428dd15480b88ff041c3109a9fb 
Importing 'GUID: 30b312a167534621b316172253b08723 - Path: Packages/com.unity.modules.subsystems/package.json' with importer (PackageManifestImporter)
Imported 'GUID: 30b312a167534621b316172253b08723' -> (Import Result ID: '2290f9d934f33e62be13bbd3fdc0d894') in 0.001 seconds [static dependencies only]. Details - ImportResultOutputID=5d4e1d411c6d1280fee0fd81da9b9a41 DependenciesID=63113174ad40ae01bc799d569a124dc0 StaticDependenciesID=0b3c946e6a717f46169f33cffddbb142 
Importing 'GUID: 40bf3cec17fa0b49fe04443c8332d638 - Path: Packages/com.unity.modules.jsonserialize/package.json' with importer (PackageManifestImporter)
Imported 'GUID: 40bf3cec17fa0b49fe04443c8332d638' -> (Import Result ID: '56127e54790525077309a2beaad3f2df') in 0.001 seconds [static dependencies only]. Details - ImportResultOutputID=891918617c984cf929da287de3b28243 DependenciesID=7bfe4dceb37474cd2d98b63ecbdb8ab5 StaticDependenciesID=0fad0e8ea03e14690264ad9077aad7bf 
Importing 'GUID: 70554f6c9e4114e1084bb38f9ea400ce - Path: Packages/com.unity.multiplayer.center/LICENSE.md' with importer (TextScriptImporter)
Imported 'GUID: 70554f6c9e4114e1084bb38f9ea400ce' -> (Import Result ID: '4f8b76ebea4067d56564b96433134e5a') in 0.002 seconds [static dependencies only]. Details - ImportResultOutputID=59e94a21cec5c01f76c5311c0f7ed1b4 DependenciesID=9bae1246d99532b11570047837d3f33d StaticDependenciesID=67ad8ffdd036ce93224661ff1f1e98ef 
Importing 'GUID: 80beef77cb19e713c7c2d481b65ed485 - Path: Packages/com.unity.modules.screencapture/package.json' with importer (PackageManifestImporter)
Imported 'GUID: 80beef77cb19e713c7c2d481b65ed485' -> (Import Result ID: '8399d7953d89162a801adf299f92f12f') in 0.001 seconds [static dependencies only]. Details - ImportResultOutputID=983250a2dc621a762e73ead2ce94efd8 DependenciesID=cd27286d2f172dfb89fe5f824cd12ba3 StaticDependenciesID=a2621168487c401a654f3474b01da22d 
Importing 'GUID: 906c12bc9cd95d3963c6d58f62522c78 - Path: Packages/com.unity.modules.cloth/package.json' with importer (PackageManifestImporter)
Imported 'GUID: 906c12bc9cd95d3963c6d58f62522c78' -> (Import Result ID: 'd3e35d6d88beb2c90e2267f89fd7d86c') in 0.001 seconds [static dependencies only]. Details - ImportResultOutputID=516616d488b80658f1bc6d39e6323fe4 DependenciesID=ff0aa0f6822ba147490b518ab6e7aefb StaticDependenciesID=87e01a0fbf610bba8029356c2f3cedbd 
Importing 'GUID: d0e3ad91972c66f5238f5b9b7d5ae58a - Path: Packages/com.unity.modules.unitywebrequesttexture/package.json' with importer (PackageManifestImporter)
Imported 'GUID: d0e3ad91972c66f5238f5b9b7d5ae58a' -> (Import Result ID: 'd6d72679e42ca103d4645ce2f0e43d1a') in 0.001 seconds [static dependencies only]. Details - ImportResultOutputID=50532d8986b57e8cf0f67d010ae5faa9 DependenciesID=e74a26a437e640c3e212ea62ffe5da53 StaticDependenciesID=ca8a80c7d78ea3e4b0ab56943918e7c0 
Importing 'GUID: f0f13f2ab3d6d13cfc6e4656824bfca8 - Path: Packages/com.unity.modules.ai/package.json' with importer (PackageManifestImporter)
Imported 'GUID: f0f13f2ab3d6d13cfc6e4656824bfca8' -> (Import Result ID: 'd21d8b91722d950b213ede438d6a0c8f') in 0.001 seconds [static dependencies only]. Details - ImportResultOutputID=084f1efaf4086fe15fda68049aa031a1 DependenciesID=239bf73ab3d2e0ad7170fc85a0c83181 StaticDependenciesID=0161f2dfa4bc46519bbc28afedb2fabd 
Importing 'GUID: e1ef8466c8fd01a549f10baa4d51fa17 - Path: Packages/com.unity.modules.assetbundle/package.json' with importer (PackageManifestImporter)
Imported 'GUID: e1ef8466c8fd01a549f10baa4d51fa17' -> (Import Result ID: 'b01306af10f4c4b92494c5bc6c7e348e') in 0.001 seconds [static dependencies only]. Details - ImportResultOutputID=c14d0c80429a1b2e07a8aa59da3e090e DependenciesID=3c306160928aad0d9b7fa7d629ca8141 StaticDependenciesID=4b560b67df264fafdca5463edecabd37 
Importing 'GUID: 42fe78c8fe682715a2cb531422e6ccb3 - Path: Packages/com.unity.modules.imgui/package.json' with importer (PackageManifestImporter)
Imported 'GUID: 42fe78c8fe682715a2cb531422e6ccb3' -> (Import Result ID: '735a12665b6273579c88ece974c1fa3d') in 0.002 seconds [static dependencies only]. Details - ImportResultOutputID=f3517442a7b9f2e47ee8fa5d575508d6 DependenciesID=db4a5b9676313a5113b8c3d58a8af841 StaticDependenciesID=823f2faa0588685f2bad41f521df6600 
Importing 'GUID: 92a378669877c05c6071d0fed687bb95 - Path: Packages/com.unity.modules.tilemap/package.json' with importer (PackageManifestImporter)
Imported 'GUID: 92a378669877c05c6071d0fed687bb95' -> (Import Result ID: 'f7d9350e31074f14f70f1ddd6d023915') in 0.002 seconds [static dependencies only]. Details - ImportResultOutputID=f33f95d07119304837f09eeace9783ca DependenciesID=0cf31c2ba1eef756cfbc3fec246b3f7f StaticDependenciesID=b3ad988b545dbe8c855c0bf6ede7b3f7 
Importing 'GUID: 43674d438e19b89d7fe6af07234f3252 - Path: Packages/com.unity.modules.accessibility/package.json' with importer (PackageManifestImporter)
Imported 'GUID: 43674d438e19b89d7fe6af07234f3252' -> (Import Result ID: 'acb1710fbbdf52c324683dab184cda06') in 0.001 seconds [static dependencies only]. Details - ImportResultOutputID=e23a5c5d7d61ce365f1d19ca6a223a88 DependenciesID=2b7af2474c462b27836c85cd0ee19d66 StaticDependenciesID=2c5e7916f13467e8dbe69dc274e8943a 
Importing 'GUID: c359bcaf4a0bc4040aac650bf14ec619 - Path: Packages/com.unity.multiplayer.center/README.md' with importer (TextScriptImporter)
Imported 'GUID: c359bcaf4a0bc4040aac650bf14ec619' -> (Import Result ID: '435e2703097d1b41c685634efa198cf3') in 0.002 seconds [static dependencies only]. Details - ImportResultOutputID=82d3a5be604caff878ff7e228f1601f7 DependenciesID=17e510ebf8dec0088d270e3679c2e8a3 StaticDependenciesID=7cab8a8e0af7700b56e82d95102108f8 
Importing 'GUID: d3cbe921f7b3d9a3257e7c61a5761796 - Path: Packages/com.unity.modules.terrainphysics/package.json' with importer (PackageManifestImporter)
Imported 'GUID: d3cbe921f7b3d9a3257e7c61a5761796' -> (Import Result ID: '4d4972b7a7be72bca5faaa9db94b6b19') in 0.001 seconds [static dependencies only]. Details - ImportResultOutputID=4293423a982649a317eebc9f11bbd1b8 DependenciesID=6fc5860360b5f6a5eb722e68bee0aa5a StaticDependenciesID=836e5f5f7685ec9e9975a08e071fa4b7 
Importing 'GUID: 05f7f519769978b79b31d063a7fc6fa1 - Path: Packages/com.unity.modules.unitywebrequestassetbundle/package.json' with importer (PackageManifestImporter)
Imported 'GUID: 05f7f519769978b79b31d063a7fc6fa1' -> (Import Result ID: '2215c69886089bb8dfd38dc5d451733e') in 0.001 seconds [static dependencies only]. Details - ImportResultOutputID=a676fdc87741fdb3d4562c9b189a12fc DependenciesID=50b399ec4c379a368f8d1b3d730b7425 StaticDependenciesID=ecf490569469904b045877a673f52c07 
Importing 'GUID: 953fab16d15d5885b3600fcd6388b2ad - Path: Packages/com.unity.modules.imageconversion/package.json' with importer (PackageManifestImporter)
Imported 'GUID: 953fab16d15d5885b3600fcd6388b2ad' -> (Import Result ID: 'ca90e3ddc4614fb97ef10d5096a2d3bf') in 0.001 seconds [static dependencies only]. Details - ImportResultOutputID=21af7c3c6098e54697c36eeb0f93f731 DependenciesID=70222f72007a9bb6226effc8d39c0cc4 StaticDependenciesID=feabfdcc1f02151e8ff93f9e08fed3d3 
Importing 'GUID: b5930dbc378b45d406aeb881f06b6dfa - Path: Packages/com.unity.modules.physicscore2d/package.json' with importer (PackageManifestImporter)
Imported 'GUID: b5930dbc378b45d406aeb881f06b6dfa' -> (Import Result ID: '52569d8072f06a7af2f61282bdb1f1b9') in 0.002 seconds [static dependencies only]. Details - ImportResultOutputID=17eebdd45c9292f6cb08e3796d0e3496 DependenciesID=82cd23feb7710eeee87454932e6c5d60 StaticDependenciesID=132977ef165f0d3ba6f71f883b5f89c9 
Importing 'GUID: 26a4f29db434fd79025c91f6126382cc - Path: Packages/com.unity.modules.unityanalytics/package.json' with importer (PackageManifestImporter)
Imported 'GUID: 26a4f29db434fd79025c91f6126382cc' -> (Import Result ID: '170bb55fb25883039fcb7415aac06564') in 0.001 seconds [static dependencies only]. Details - ImportResultOutputID=64cd0125ffa27280e42f5bc3480004c0 DependenciesID=afed83ba2a9d3ced17a37e981cbe40c1 StaticDependenciesID=20a03214bd46c6bfedea9af7a0b0d9e2 
Importing 'GUID: 96d14b71b907bb52333b2886e665aba6 - Path: Packages/com.unity.modules.video/package.json' with importer (PackageManifestImporter)
Imported 'GUID: 96d14b71b907bb52333b2886e665aba6' -> (Import Result ID: '5c651af831b936ffa6e09fdfd6390917') in 0.001 seconds [static dependencies only]. Details - ImportResultOutputID=97331c0a394344b81f304a267aa0ee32 DependenciesID=f4a54713681ca05bcf8d6d7c16c4deeb StaticDependenciesID=ece420845877feca0120aeff1843c27f 
Importing 'GUID: 87d720faa37005c08600090e04d8c739 - Path: Packages/com.unity.modules.particlesystem/package.json' with importer (PackageManifestImporter)
Imported 'GUID: 87d720faa37005c08600090e04d8c739' -> (Import Result ID: '33d9320326ab0bc0dd0097296520297b') in 0.001 seconds [static dependencies only]. Details - ImportResultOutputID=ab3ee686cd4ed15f5f20d2c8a27562c1 DependenciesID=4f1dbf60b5dd1c4a66cd4423394ab7cd StaticDependenciesID=f4e87ab5606ff6321b39dbeab3d19a29 
Importing 'GUID: f7a8357347c80dc69c08d0b1a05e2122 - Path: Packages/com.unity.modules.physics2d/package.json' with importer (PackageManifestImporter)
Imported 'GUID: f7a8357347c80dc69c08d0b1a05e2122' -> (Import Result ID: 'ed4a29267b8cf2f2ea88acd56522760b') in 0.001 seconds [static dependencies only]. Details - ImportResultOutputID=919e2a11128050effa789097769a2a78 DependenciesID=cf968784af1fa8086c395b1ede3f63f2 StaticDependenciesID=8faa0135c39d90e75cabdcc27fd78e0a 
Importing 'GUID: 78e5667e52329c3ceef41288763404ae - Path: Packages/com.unity.modules.vectorgraphics/package.json' with importer (PackageManifestImporter)
Imported 'GUID: 78e5667e52329c3ceef41288763404ae' -> (Import Result ID: '85331052923557e7939e551d51b77ff6') in 0.001 seconds [static dependencies only]. Details - ImportResultOutputID=4ecdabad2dfa4bdbd05a32eab7720e4f DependenciesID=49107cbf11f872cdbb7e480a2dba9fe9 StaticDependenciesID=0dad77f0a6e31e50e95afd8fb4182240 
Importing 'GUID: b83f06ac0c0696e9563230865ca72b81 - Path: Packages/com.unity.modules.wind/package.json' with importer (PackageManifestImporter)
Imported 'GUID: b83f06ac0c0696e9563230865ca72b81' -> (Import Result ID: 'e627a48c71cdb2b59a8ea035b900e4cc') in 0.001 seconds [static dependencies only]. Details - ImportResultOutputID=48a5258515ca15f6f7f90d7b79f1d94b DependenciesID=1e607ce05811be43638b97e5747a55d3 StaticDependenciesID=94020142ee02491aee138f8fd0b6a32d 
Importing 'GUID: c8f6fa942856442b8bd72594d3ce7363 - Path: Packages/com.unity.multiplayer.center/Third Party Notices.md' with importer (TextScriptImporter)
Imported 'GUID: c8f6fa942856442b8bd72594d3ce7363' -> (Import Result ID: 'fb49a0aaa07e34dc436f3549756dc516') in 0.001 seconds [static dependencies only]. Details - ImportResultOutputID=03ddb98ad266806dbd104aeb58230d0c DependenciesID=2d2acc2d26d4951d505d68bd5f8d03bc StaticDependenciesID=b47fb482a67cca194ff3aa7c5d905b75 
Importing 'GUID: d85e5eeaf8f135aeaaebdc8aa3cff6c3 - Path: Packages/com.unity.modules.umbra/package.json' with importer (PackageManifestImporter)
Imported 'GUID: d85e5eeaf8f135aeaaebdc8aa3cff6c3' -> (Import Result ID: '2629799bcc3cd0dc132bde42d394156b') in 0.001 seconds [static dependencies only]. Details - ImportResultOutputID=4d25716d6c3e24bf1a7a8cbf11399c74 DependenciesID=dc7d5f7de08e37a81e35f6684c74c06d StaticDependenciesID=7f6e42ed398911ce66d5999a7426829c 
Importing 'GUID: e9df95f53f1c1d0c9199e235d6c42b50 - Path: Packages/com.unity.modules.audio/package.json' with importer (PackageManifestImporter)
Imported 'GUID: e9df95f53f1c1d0c9199e235d6c42b50' -> (Import Result ID: '8770f2708177991f7bde600f5c7b4d5a') in 0.001 seconds [static dependencies only]. Details - ImportResultOutputID=7bff69c037aa519a654c229c1b6809dd DependenciesID=66220fce1dcba53fc6dd73d780cdfbfe StaticDependenciesID=813f78202562c10aaf2125f84cf31d49 
Importing 'GUID: 1a4266815e998967becf686f9c71f0a6 - Path: Packages/com.unity.modules.physics/package.json' with importer (PackageManifestImporter)
Imported 'GUID: 1a4266815e998967becf686f9c71f0a6' -> (Import Result ID: 'dfea013900fff6eb4694d3ebf064bfb6') in 0.001 seconds [static dependencies only]. Details - ImportResultOutputID=2c72742771a2c41ecd040e5a25968787 DependenciesID=957f7387fa947e4ad8b4742ec482885e StaticDependenciesID=24f161716ed4c67af2a5b4c6528c75af 
Importing 'GUID: 6afb166a156df2d20433d981f4bb2832 - Path: Packages/com.unity.modules.vehicles/package.json' with importer (PackageManifestImporter)
Imported 'GUID: 6afb166a156df2d20433d981f4bb2832' -> (Import Result ID: 'ebbb3659261e067ebb04bcd1a0ba1de6') in 0.001 seconds [static dependencies only]. Details - ImportResultOutputID=b9584b21688236880549537b502bc979 DependenciesID=0e700e00a9d59e25daf7f60ded68340a StaticDependenciesID=49493533e51bc12d7160bed570f9a5ef 
Importing 'GUID: fa27413e9edb06a6058d6c894eca0338 - Path: Packages/com.unity.modules.unitywebrequestwww/package.json' with importer (PackageManifestImporter)
Imported 'GUID: fa27413e9edb06a6058d6c894eca0338' -> (Import Result ID: 'bd7a98124d8a2bbed25cd45a821d3a34') in 0.001 seconds [static dependencies only]. Details - ImportResultOutputID=ef4111052f639e700ab30e1188cae7f8 DependenciesID=15608abf2fb0a10d2865567c82c998c4 StaticDependenciesID=58ec5c7678b3127dd11109c2d0e2f0f2 
Importing 'GUID: 3bbd27b3dd7be4a74aeab8da6b0af5cc - Path: Packages/com.unity.multiplayer.center/CHANGELOG.md' with importer (TextScriptImporter)
Imported 'GUID: 3bbd27b3dd7be4a74aeab8da6b0af5cc' -> (Import Result ID: '8fd81c410944e5964d5f76ec322b6741') in 0.002 seconds [static dependencies only]. Details - ImportResultOutputID=b417cc241394cfbb33a1752f594fb22c DependenciesID=2d26517d560d8d7156f69d2bb0b456ed StaticDependenciesID=7450423b4735959a86c413a8a4c6d9b9 
Importing 'GUID: 4b518b37798c97b0f860962cbf615533 - Path: Packages/com.unity.modules.unitywebrequestaudio/package.json' with importer (PackageManifestImporter)
Imported 'GUID: 4b518b37798c97b0f860962cbf615533' -> (Import Result ID: 'df482174fbd19c87903e603c9e6ad934') in 0.001 seconds [static dependencies only]. Details - ImportResultOutputID=91f22434b9ab55a5c83f3c60940e8474 DependenciesID=e8d1f16f15fc7081c3251ac74a84f919 StaticDependenciesID=a3492277739ba1dccfc7f10390a8b9dc 
Importing 'GUID: 9b1a5759726ef9d39a0ab82047b615f1 - Path: Packages/com.unity.modules.hierarchycore/package.json' with importer (PackageManifestImporter)
Imported 'GUID: 9b1a5759726ef9d39a0ab82047b615f1' -> (Import Result ID: 'ee8ea21bd93292678a48ce4766c2e710') in 0.001 seconds [static dependencies only]. Details - ImportResultOutputID=1299c778185973c2d3f2bb276cd8d0e7 DependenciesID=98a21fad7d41971e4310fea91ae32714 StaticDependenciesID=9dcf09b82df3995db524b3ce8e7aa3f7 
Importing 'GUID: 2c814623cb42764d304be0c5ddd03ceb - Path: Packages/com.unity.modules.xr/package.json' with importer (PackageManifestImporter)
Imported 'GUID: 2c814623cb42764d304be0c5ddd03ceb' -> (Import Result ID: '85fdfa0e897fbed40d266d673eac89b4') in 0.001 seconds [static dependencies only]. Details - ImportResultOutputID=7f441ac2d6a687e067f2d83f9a07d6bb DependenciesID=38b7912d75c6f6fe69ccf76717f5873e StaticDependenciesID=cfddea70f917e548051eef47e704d41d 
Importing 'GUID: 4c413a81cadcce7038e446e56570117e - Path: Packages/com.unity.modules.adaptiveperformance/package.json' with importer (PackageManifestImporter)
Imported 'GUID: 4c413a81cadcce7038e446e56570117e' -> (Import Result ID: '38d5f13da591b075808a87bc993efbd1') in 0.001 seconds [static dependencies only]. Details - ImportResultOutputID=e58e4e674ae30d7b75f4a6d1a5cb9032 DependenciesID=60ce3f76dcff82bf9c2132bad61b1a2c StaticDependenciesID=f40caed91777ad0561bb48a11627df03 
Importing 'GUID: ec02776fe29df900b897106d61977735 - Path: Packages/com.unity.modules.director/package.json' with importer (PackageManifestImporter)
Imported 'GUID: ec02776fe29df900b897106d61977735' -> (Import Result ID: '45d2b7f78cc1413d0d66528a311c8e20') in 0.001 seconds [static dependencies only]. Details - ImportResultOutputID=d3cc052d8f895db30a66424de2b1783d DependenciesID=d4954ffd7d21b03c60ad292abc3cdc8a StaticDependenciesID=fe424b160d552a2d3c3d99e3e61f4ab8 
Importing 'GUID: 6d56244f8c39a851975d3c0bd432c66f - Path: Packages/com.unity.modules.terrain/package.json' with importer (PackageManifestImporter)
Imported 'GUID: 6d56244f8c39a851975d3c0bd432c66f' -> (Import Result ID: '3043b3f8745df379486354c3896f0cdb') in 0.001 seconds [static dependencies only]. Details - ImportResultOutputID=0147ed4a7bf27ee69660cd49b175a05f DependenciesID=d8bf239b38da7a5e1d23a9ddd0948469 StaticDependenciesID=68633397afc44d8ea348831b529962cf 
Importing 'GUID: bd1af0a6633ee94ae21c7d1d702cdc12 - Path: Packages/com.unity.modules.androidjni/package.json' with importer (PackageManifestImporter)
Imported 'GUID: bd1af0a6633ee94ae21c7d1d702cdc12' -> (Import Result ID: '47e61b584b54a72bb33013af8e45ab5b') in 0.001 seconds [static dependencies only]. Details - ImportResultOutputID=58196444acd2f5a146944d8272e88433 DependenciesID=f29be593000d6aa2e18e959769c62068 StaticDependenciesID=bf1ac858e7f20f8b2f2d85786b91e949 
Importing 'GUID: 7ef8348b8ea834d7e1bc214b07f7fb87 - Path: Packages/com.unity.modules.animation/package.json' with importer (PackageManifestImporter)
Imported 'GUID: 7ef8348b8ea834d7e1bc214b07f7fb87' -> (Import Result ID: 'e66ebcc0a773b806b6d5f36ceaa36060') in 0.001 seconds [static dependencies only]. Details - ImportResultOutputID=71365924848c115c14d4e8a430945e5d DependenciesID=d9b95bd7f4828077a7dd4323583ec0c4 StaticDependenciesID=7d3c24e24c75b94c5210b5cf3054341f 
Importing 'GUID: 3fdd83b151eb8d25c5e2f82fc39dcb04 - Path: Packages/com.unity.modules.unitywebrequest/package.json' with importer (PackageManifestImporter)
Imported 'GUID: 3fdd83b151eb8d25c5e2f82fc39dcb04' -> (Import Result ID: '856d04f0c98ca3317533eef24c427365') in 0.001 seconds [static dependencies only]. Details - ImportResultOutputID=609e642c4d5fd6e0b6d325d2f170eb1c DependenciesID=038fe96aff53d8d465856fc2b027013f StaticDependenciesID=6564a188256b4b690a91e3db8dba97c1 
Importing 'GUID: 4f0f9b9f3ed97ad2b9ba8f1a8e4666c2 - Path: Packages/com.unity.modules.uielements/package.json' with importer (PackageManifestImporter)
Imported 'GUID: 4f0f9b9f3ed97ad2b9ba8f1a8e4666c2' -> (Import Result ID: '55615d860fb8221f7ef0887079fe0769') in 0.002 seconds [static dependencies only]. Details - ImportResultOutputID=14c0f2b1b250cec076c4d9c62abdd5a9 DependenciesID=1764497eeef996436a7a3acca40ec6fd StaticDependenciesID=eb0365bf298ec1a4818b3ecd3fbf2b0f 
Importing 'GUID: bfd567a3d1631a761bca9e99fa53d86d - Path: Packages/com.unity.modules.ui/package.json' with importer (PackageManifestImporter)
Imported 'GUID: bfd567a3d1631a761bca9e99fa53d86d' -> (Import Result ID: '5476e87972b831b8580d17d936061bf6') in 0.001 seconds [static dependencies only]. Details - ImportResultOutputID=7bb9b76f93faf76244e454a1fca49870 DependenciesID=5672e654b1200575666ab69c28794a5b StaticDependenciesID=671879968490d6f3d4db40a6a6b1efd2 
Importing 'GUID: df0857f6a11054383be91b1f8e1b5800 - Path: Packages/com.unity.multiplayer.center/package.json' with importer (PackageManifestImporter)
Imported 'GUID: df0857f6a11054383be91b1f8e1b5800' -> (Import Result ID: '68732da28b5749eb303683d0c3afcf7b') in 0.001 seconds [static dependencies only]. Details - ImportResultOutputID=56cb21bd62786f0bf6019a6ac763d7f4 DependenciesID=0432ce4cfa352049b3c7cd022860e6a9 StaticDependenciesID=12d87b45b48c6bb9fdb06b81e254a891 
Importing 'GUID: f1ac2efb1bcd4dfd95dc196ed3c11367 - Path: Packages/com.unity.multiplayer.center/Editor/MultiplayerCenterWindow/UI/light.uss' with importer (ScriptedImporter : UnityEditor.CoreModule:UnityEditor.UIElements.StyleSheets:StyleSheetImporter)
Imported 'GUID: f1ac2efb1bcd4dfd95dc196ed3c11367' -> (Import Result ID: '4e90f364d8e721c230c62f816a864d10') in 0.051 seconds [static and dynamic dependencies]. Details - ImportResultOutputID=d933b28d171599f50d13b516109e7212 DependenciesID=c0f3fb547b7bf5536a5abde44f6f15d4 StaticDependenciesID=558b6037851f87ffee4dfb6859e95fab 
Importing 'GUID: 1984cd07fe96417f9e88f5771f6b4b32 - Path: Packages/com.unity.multiplayer.center/Editor/MultiplayerCenterWindow/UI/dark.uss' with importer (ScriptedImporter : UnityEditor.CoreModule:UnityEditor.UIElements.StyleSheets:StyleSheetImporter)
Imported 'GUID: 1984cd07fe96417f9e88f5771f6b4b32' -> (Import Result ID: 'bf013eb86ee85219cabf628ce10ec03c') in 0.008 seconds [static and dynamic dependencies]. Details - ImportResultOutputID=8be4503d52b62d7392027baec0ba5f8a DependenciesID=05b0e2f891d38e98bd84c54635f71472 StaticDependenciesID=214aaaf6c11bc344e91094caa7796589 
Importing 'GUID: bac00d6e07f0b4305bb395363c89d92b - Path: Packages/com.unity.multiplayer.center/Editor/MultiplayerCenterWindow/UI/MultiplayerCenterWindow.uss' with importer (ScriptedImporter : UnityEditor.CoreModule:UnityEditor.UIElements.StyleSheets:StyleSheetImporter)
Imported 'GUID: bac00d6e07f0b4305bb395363c89d92b' -> (Import Result ID: '0e4b24d59cb21f2d5818d3378278bee4') in 0.027 seconds [static and dynamic dependencies]. Details - ImportResultOutputID=d6dfc469da9a8ffbb556776434abd32e DependenciesID=d1bb7dbb82e2598b710bcda090186330 StaticDependenciesID=c67129531f3a5936bade2845c3208579 
Starting new worker id: 0 with log in C:/Users/Michael/OneDrive/Documenten/GitHub/realtest-Unity/Logs/AssetImportWorkerHW0.log
Launched and connected shader compiler UnityShaderCompiler.exe after 0.03 seconds
Loading style catalogs (6)
	StyleSheets/Extensions/base/common.uss
	UIPackageResources/StyleSheets/Default/Variables/Public/common.uss
	StyleSheets/Northstar/common.uss
	StyleSheets/Extensions/fonts/inter.uss
	StyleSheets/Extensions/base/dark.uss
	UIPackageResources/StyleSheets/Default/Northstar/Palette/dark.uss

Asset Pipeline Refresh (id=59f03c8913e46b84f8ed16a14b8c5a08): Total: 10.593 seconds - Initiated by InitialRefreshV2(ForceSynchronousImport)
	(Values over 0.05ms)
	Summary:
		Imports: total=194 (actual=194, local cache=0, cache server=0)
		Asset DB Process Time: managed=10 ms, native=1268 ms
		Asset DB Callback time: managed=110 ms, native=2195 ms
		Scripting: domain reloads=1, domain reload time=444 ms, compile time=6558 ms, other=5 ms
		Project Asset Count: scripts=113, non-scripts=81
		Asset File Changes: new=256, changed=256, moved=0, deleted=0
		Scan Filter Count: 0
	InvokePackagesCallback: 1447.035ms
	ApplyChangesToAssetFolders: 0.412ms
	Scan: 187.391ms
	Collect global state as custom dependencies: 3.545ms
	OnSourceAssetsModified: 1.308ms
	CategorizeScriptCompilationAssets: 0.295ms
	ProcessAssetsWithTransientArtifactChanges: 1.098ms
	CategorizeAssets: 1.072ms
	CompileScripts: 6557.738ms
	ImportOutOfDateAssets: 1032.946ms (352.743ms without children)
		ImportManagerImport: 673.745ms (283.242ms without children)
			UpdateCategorizedAssets: 0.303ms
		UnloadImportedAssets: 0.080ms
		ReloadImportedAssets: 0.052ms
		ImportSchedulerStart: 6.341ms
	PostProcessAllAssets: 860.670ms
		AssemblyValidation.PostprocessAllAssets 0.969ms
		VersionControlSettings.HiddenFilePostprocess 0.831ms
		PostProcessCallbackCreateDeferredMaterials 0.330ms
		ShaderAssetModifiedCallback 0.299ms
		RaytracingShaderImportPostprocess 0.195ms
		ComputeShaderImportPostprocess 0.170ms
		LocalizationDatabase.AssetDatabasePostprocessCallback 0.160ms
		SpeedTreeImporter.PostprocessAllAssets 0.160ms
		BlockShaderImporter.PostprocessAllAssets 0.072ms
		MonoPostProcessAllAssets: 108.948ms
			StyleCatalogPostProcessor.OnPostprocessAllAssets 68.811ms
			AssetPostprocessor.OnPostprocessAllAssets 8.592ms
			WindowAssetPostprocessingWatcher.OnPostprocessAllAssets 6.839ms
			AssetChangedListener.OnPostprocessAllAssets 5.004ms
			BuilderAssetPostprocessor.OnPostprocessAllAssets 4.520ms
			TextAssetPostProcessor.OnPostprocessAllAssets 1.816ms
			SyncVS.PostprocessSyncProject 1.662ms
			RetainedModeAssetPostprocessor.OnPostprocessAllAssets 1.289ms
			SpeedTree9Postprocessor.OnPostprocessAllAssets 0.786ms
			AssetDatabaseCallbacks.OnPostprocessAllAssets 0.635ms
			ArtifactBrowserPostProcessor.OnPostprocessAllAssets 0.423ms
			ReferencedClipsPostProcessor.OnPostprocessAllAssets 0.325ms
			AudioMixerPostprocessor.OnPostprocessAllAssets 0.215ms
			AssetEvents.OnPostprocessAllAssets 0.197ms
			TerrainToolbarOverlayPostProcessor.OnPostprocessAllAssets 0.175ms
			SpeedTreePostProcessor.OnPostprocessAllAssets 0.133ms
			ScenarioDriftAssetsTracker.OnPostprocessAllAssets 0.119ms
			ConfigAssetsTracker.OnPostprocessAllAssets 0.114ms
			RenderPipelineGlobalSettingsPostprocessor.OnPostprocessAllAssets 0.080ms
			AudioContainerPostProcessor.OnPostprocessAllAssets 0.060ms
	PostAssetChangesProfiler: 1.213ms
	UnloadStreamsBegin: 1.107ms
	PersistCurrentRevisions: 0.123ms
	GenerateScriptTypeHashes: 0.089ms
	GenerateScriptTypeSerializationHashes: 0.208ms
	Untracked: 489.079ms

Application.AssetDatabase Initial Refresh End
Scanning for USB devices : 7.339ms
Initializing Unity extensions:
[MODES] ModeService[none].Initialize
[MODES] ModeService[none].LoadModes
[MODES] Loading mode Default (0) for mode-current-id-realtest-Unity
Unloading 3 Unused Serialized files (Serialized files now loaded: 0)
Unloading 76 unused Assets / (0.5 MB). Loaded Objects now: 742.
Memory consumption went from 209.1 MB to 208.6 MB.
Total: 4.054800 ms (FindLiveObjects: 0.038700 ms CreateObjectMapping: 0.014900 ms MarkObjects: 3.852800 ms  DeleteObjects: 0.145600 ms)

[LAYOUT] About to load C:/Users/Michael/AppData/Roaming/Unity/Editor-5.x/Preferences\Layouts\current\default-6000.dwlt, keepMainWindow=False
Worker ready: AssetImportWorkerHW0 0
[LAYOUT] About to save layout C:\Users\Michael\OneDrive\Documenten\GitHub\realtest-Unity\UserSettings\Layouts\default-6000.dwlt
[LAYOUT] About to save layout C:/Users/Michael/AppData/Roaming/Unity/Editor-5.x/Preferences\Layouts\current\default-6000.dwlt
[MODES] ModeService[default].InitializeCurrentMode
[MODES] ModeService[default].RaiseModeChanged(default, default)
This project uses Input Manager, which is marked for deprecation. To manage input in your project, use the <a href="https://docs.unity3d.com/Packages/com.unity.inputsystem@latest">Input System package</a> instead.
<RI> Initializing input.
<RI> Input initialized.
[Project] Loading completed in 29.700 seconds
	Project init time: 				28.935 seconds
		Template init time: 		0.000 seconds
		Package Manager init time: 		0.956 seconds
		Asset Database init time: 		6.485 seconds
		Global illumination init time: 	0.008 seconds
		Assemblies load time: 			10.257 seconds
		Unity extensions init time: 	0.000 seconds
		Asset Database refresh time: 	10.594 seconds
	Scene opening time: 			0.650 seconds
##utp:{"type":"ProjectInfo","version":2,"phase":"Immediate","time":1783015252715,"processId":22032,"projectLoad":29.6999125,"projectInit":28.9349533,"templateInit":0.0,"packageManagerInit":0.9559816,"assetDatabaseInit":6.4845306,"globalIlluminationInit":0.0077178,"assembliesLoad":10.2565893,"unityExtensionsInit":0.0004247,"assetDatabaseRefresh":10.5935393,"sceneOpening":0.6504908}
##utp:{"type":"EditorInfo","version":2,"phase":"Immediate","time":1783015252715,"processId":22032,"editorVersion":"6000.5.1f1 (0d9463e84828)","branch":"6000.5/staging","buildType":"Release","platform":"Windows"}
Asset Pipeline Refresh (id=f578b6ca9078eeb449cefe3043087dcc): Total: 0.017 seconds - Initiated by RefreshV2(AllowForceSynchronousImport)
[MODES] ModeService[default].LoadModes
Dynamic Batching is deprecated and will be removed in a future release. Use GPU Instancing instead. Disable Dynamic Batching in Project Settings > Player > Other Settings to remove this warning.
UnityEngine.Debug:ExtractStackTraceNoAlloc (byte*,int,string)
UnityEngine.StackTraceUtility:ExtractStackTrace ()
UnityEngine.DebugLogHandler:Internal_Log (UnityEngine.LogType,UnityEngine.LogOption,string,UnityEngine.Object)
UnityEngine.DebugLogHandler:LogFormat (UnityEngine.LogType,UnityEngine.Object,string,object[])
UnityEngine.Logger:Log (UnityEngine.LogType,object)
UnityEngine.Debug:LogWarning (object)
UnityEditor.PlayerSettingsBatchingWarning:WarnIfDynamicBatchingEnabled ()
UnityEditor.EditorApplication:Internal_CallUpdateFunctions ()

Start Indexing on Editor startup
[Indexing] Starting Initial Indexing for Assets
Asset Pipeline Refresh (id=5486fd3ee690a4f41a1f2a623ab80701): Total: 0.008 seconds - Initiated by RefreshV2(AllowForceSynchronousImport)
Created GICache directory at C:/Users/Michael/AppData/LocalLow/Unity/Caches/GiCache. Took: 0.015s, timestamps: [30.930 - 30.944]
Starting new worker id: 1 with log in C:/Users/Michael/OneDrive/Documenten/GitHub/realtest-Unity/Logs/AssetImportWorkerHW1.log
[Licensing::Client] Successfully resolved entitlement details
[Licensing::Client] Successfully resolved entitlement details
[Worker0] Imported GUID: 23032f4383e95e772bce465c5896d0fd - Path: Packages/com.unity.modules.terrain/package.ModuleCompilationTrigger - Importer: ScriptedImporter/UnityEditor.QuickSearchModule:UnityEditor.Search:ASIAI0B -> (ImportResultId: 'f0fd9767e4f56cd6ac6687dd4f288e02') in 0.0799989 seconds
Starting new worker id: 2 with log in C:/Users/Michael/OneDrive/Documenten/GitHub/realtest-Unity/Logs/AssetImportWorkerHW2.log
[Licensing::Client] Successfully updated the access token
[Licensing::Module] Successfully updated access token: "C1w0mel-"... (expires: 2026-07-02T19:57:58Z)
[Worker0] Imported GUID: 8a752aaaadd2410dd9a84e01c1bace9f - Path: Packages/com.unity.modules.uielements/package.ModuleCompilationTrigger - Importer: ScriptedImporter/UnityEditor.QuickSearchModule:UnityEditor.Search:ASIAI0B -> (ImportResultId: '027ab86bb1cde517788e21a28ba54d9a') in 0.0025261 seconds
[Worker0] Imported GUID: 54407f5deee4439eb1885bee01956e9c - Path: Packages/com.unity.multiplayer.center/Editor/Analytics/AnalyticsUtils.cs - Importer: ScriptedImporter/UnityEditor.QuickSearchModule:UnityEditor.Search:ASIAI0B -> (ImportResultId: 'd1225305f5a1604479cc05899eb13359') in 0.0182125 seconds
[Worker0] Imported GUID: 1bd8e2f47a6c4478ab8f0ade7687e79b - Path: Packages/com.unity.multiplayer.center/Common/IOnboardingSection.cs - Importer: ScriptedImporter/UnityEditor.QuickSearchModule:UnityEditor.Search:ASIAI0B -> (ImportResultId: '7119b3f5ca854de30be9df68448deb12') in 0.0022025 seconds
[Worker0] Imported GUID: be13c398521e3c1ad21fb9da30ab2ab6 - Path: Packages/com.unity.modules.imgui/package.ModuleCompilationTrigger - Importer: ScriptedImporter/UnityEditor.QuickSearchModule:UnityEditor.Search:ASIAI0B -> (ImportResultId: '163cb61f67df94336a7b8322dac10131') in 0.0034963 seconds
[Worker0] Imported GUID: 6d56244f8c39a851975d3c0bd432c66f - Path: Packages/com.unity.modules.terrain/package.json - Importer: ScriptedImporter/UnityEditor.QuickSearchModule:UnityEditor.Search:ASIAI0B -> (ImportResultId: '2da49f0c1823eb4038b8eda31f0bd7e3') in 0.0024361 seconds
[Worker0] Imported GUID: 4f0f9b9f3ed97ad2b9ba8f1a8e4666c2 - Path: Packages/com.unity.modules.uielements/package.json - Importer: ScriptedImporter/UnityEditor.QuickSearchModule:UnityEditor.Search:ASIAI0B -> (ImportResultId: '978136bff77b7acd462476518fccb1da') in 0.0026061 seconds
[Worker0] Imported GUID: 833328f3bcf144cc94f92e286e86b427 - Path: Packages/com.unity.multiplayer.center/Common/IOnboardingSectionAnalyticsProvider.cs - Importer: ScriptedImporter/UnityEditor.QuickSearchModule:UnityEditor.Search:ASIAI0B -> (ImportResultId: 'caf913c820efb7b7b3b7c9355c51dc3d') in 0.0020106 seconds
[Worker0] Imported GUID: 222fc39b0c85d800342910da2cd64781 - Path: Packages/com.unity.modules.assetbundle/package.ModuleCompilationTrigger - Importer: ScriptedImporter/UnityEditor.QuickSearchModule:UnityEditor.Search:ASIAI0B -> (ImportResultId: '70604bc7f026391f4e06bd429115ed23') in 0.0019976 seconds
[Worker0] Imported GUID: e1ef8466c8fd01a549f10baa4d51fa17 - Path: Packages/com.unity.modules.assetbundle/package.json - Importer: ScriptedImporter/UnityEditor.QuickSearchModule:UnityEditor.Search:ASIAI0B -> (ImportResultId: '33966cd9b753fb92a6d7f17942b6b597') in 0.0019805 seconds
[Worker0] Imported GUID: e9df95f53f1c1d0c9199e235d6c42b50 - Path: Packages/com.unity.modules.audio/package.json - Importer: ScriptedImporter/UnityEditor.QuickSearchModule:UnityEditor.Search:ASIAI0B -> (ImportResultId: 'fcd9a95036498c786f028214670ba5f9') in 0.0026512 seconds
[Worker0] Imported GUID: 2c814623cb42764d304be0c5ddd03ceb - Path: Packages/com.unity.modules.xr/package.json - Importer: ScriptedImporter/UnityEditor.QuickSearchModule:UnityEditor.Search:ASIAI0B -> (ImportResultId: 'cf4e2a8fabe786c9add4628afeaf6435') in 0.0022679 seconds
[Worker0] Imported GUID: c359bcaf4a0bc4040aac650bf14ec619 - Path: Packages/com.unity.multiplayer.center/README.md - Importer: ScriptedImporter/UnityEditor.QuickSearchModule:UnityEditor.Search:ASIAI0B -> (ImportResultId: '7e097e11dd270bcc7e1d3683b1c87f97') in 0.004582 seconds
[Worker0] Imported GUID: 89b6d933e4994d0980f6b48dc2b8779c - Path: Packages/com.unity.multiplayer.center/Common/AnswerData.cs - Importer: ScriptedImporter/UnityEditor.QuickSearchModule:UnityEditor.Search:ASIAI0B -> (ImportResultId: '77ca9cca8782d12452ba791e87f4ec3a') in 0.0021287 seconds
[Worker0] Imported GUID: 553737203d61a8109f9544a97201e1aa - Path: Packages/com.unity.modules.unitywebrequestaudio/package.ModuleCompilationTrigger - Importer: ScriptedImporter/UnityEditor.QuickSearchModule:UnityEditor.Search:ASIAI0B -> (ImportResultId: '994745a2a816257ec4edc82d05ccdbc3') in 0.0021793 seconds
[Worker0] Imported GUID: 0a9ab22e4e004c7db707338bccb538b9 - Path: Packages/com.unity.multiplayer.center/Common/Preset.cs - Importer: ScriptedImporter/UnityEditor.QuickSearchModule:UnityEditor.Search:ASIAI0B -> (ImportResultId: '6e7b31c79fb946c1acf4cce5766784d9') in 0.0024458 seconds
[Worker0] Imported GUID: 50d5ff9fe4ab4477b7ea648da183e9d1 - Path: Packages/com.unity.multiplayer.center/Common/StyleConstants.cs - Importer: ScriptedImporter/UnityEditor.QuickSearchModule:UnityEditor.Search:ASIAI0B -> (ImportResultId: '76f95ad06cb045558359b74418e2e5e6') in 0.0039752 seconds
[Worker0] Imported GUID: c7a8b0317f4e68556d7509828e9e211e - Path: Packages/com.unity.modules.xr/package.ModuleCompilationTrigger - Importer: ScriptedImporter/UnityEditor.QuickSearchModule:UnityEditor.Search:ASIAI0B -> (ImportResultId: '0a81d3fa697434af592da76881fcdb74') in 0.0022881 seconds
[Worker0] Imported GUID: 185e678d90804a8a85ab38276eca86fb - Path: Packages/com.unity.multiplayer.center/Editor/Analytics/MultiplayerCenterAnalytics.cs - Importer: ScriptedImporter/UnityEditor.QuickSearchModule:UnityEditor.Search:ASIAI0B -> (ImportResultId: '5a73b1b70371bcf22e0c381af0df2900') in 0.0026563 seconds
[Worker0] Imported GUID: 70554f6c9e4114e1084bb38f9ea400ce - Path: Packages/com.unity.multiplayer.center/LICENSE.md - Importer: ScriptedImporter/UnityEditor.QuickSearchModule:UnityEditor.Search:ASIAI0B -> (ImportResultId: 'fbc6b80a3bdd1c85d8acaf3d1b0821f2') in 0.0022706 seconds
[Worker0] Imported GUID: 80beef77cb19e713c7c2d481b65ed485 - Path: Packages/com.unity.modules.screencapture/package.json - Importer: ScriptedImporter/UnityEditor.QuickSearchModule:UnityEditor.Search:ASIAI0B -> (ImportResultId: '511bf19f1ab2ccca480c2b100ab09d0e') in 0.0027021 seconds
[Worker0] Imported GUID: df0857f6a11054383be91b1f8e1b5800 - Path: Packages/com.unity.multiplayer.center/package.json - Importer: ScriptedImporter/UnityEditor.QuickSearchModule:UnityEditor.Search:ASIAI0B -> (ImportResultId: '61edad5c17a9285380d16550716b0dd9') in 0.0033767 seconds
[Worker0] Imported GUID: be17709716f1648caa5de6d0c38103ed - Path: Packages/com.unity.multiplayer.center/Editor/Unity.Multiplayer.Center.Editor.asmdef - Importer: ScriptedImporter/UnityEditor.QuickSearchModule:UnityEditor.Search:ASIAI0B -> (ImportResultId: '1f7cdd6f359ed53e1815386a58531d50') in 0.0035486 seconds
[Worker0] Imported GUID: ae87256f29d9c8b50490f4caf75b2c41 - Path: Packages/com.unity.modules.unitywebrequestwww/package.ModuleCompilationTrigger - Importer: ScriptedImporter/UnityEditor.QuickSearchModule:UnityEditor.Search:ASIAI0B -> (ImportResultId: '217101e4aaa68fcce6cfacd607d2dd07') in 0.0023633 seconds
[Worker0] Imported GUID: 676a3852811f4199813ce7f6dbac6880 - Path: Packages/com.unity.multiplayer.center/Editor/Features/PackageManagement.cs - Importer: ScriptedImporter/UnityEditor.QuickSearchModule:UnityEditor.Search:ASIAI0B -> (ImportResultId: '95435eb5e2b120135ad7035cf7f547e0') in 0.0019615 seconds
[Worker0] Imported GUID: 052c764978664486a9c04518899ddf57 - Path: Packages/com.unity.multiplayer.center/Editor/MultiplayerCenterWindow/RecommendationTabView.cs - Importer: ScriptedImporter/UnityEditor.QuickSearchModule:UnityEditor.Search:ASIAI0B -> (ImportResultId: '2c3df86ed9eca4f01b5c256505ef6761') in 0.0019208 seconds
[Worker0] Imported GUID: a31a332ce3485f00f7df8d987302a29c - Path: Packages/com.unity.modules.unitywebrequesttexture/package.ModuleCompilationTrigger - Importer: ScriptedImporter/UnityEditor.QuickSearchModule:UnityEditor.Search:ASIAI0B -> (ImportResultId: '7dc0a5a1e07a01a84dba0dbc07e7bdf8') in 0.0022559 seconds
[Worker0] Imported GUID: d1084186a4004823abee9b87c8ddf198 - Path: Packages/com.unity.multiplayer.center/Editor/MultiplayerCenterWindow/RecommendationViewBottomBar.cs - Importer: ScriptedImporter/UnityEditor.QuickSearchModule:UnityEditor.Search:ASIAI0B -> (ImportResultId: 'ef5bcdb14a171c5e11857e9867b2876f') in 0.0035845 seconds
[Worker0] Imported GUID: d85e5eeaf8f135aeaaebdc8aa3cff6c3 - Path: Packages/com.unity.modules.umbra/package.json - Importer: ScriptedImporter/UnityEditor.QuickSearchModule:UnityEditor.Search:ASIAI0B -> (ImportResultId: '5d5ae4e91a15609d0cf3f5835fd90ce9') in 0.0026534 seconds
[Worker0] Imported GUID: 84abd2ab34a74600a33a3bb9d72859fe - Path: Packages/com.unity.multiplayer.center/Common/Unity.Multiplayer.Center.Common.asmdef - Importer: ScriptedImporter/UnityEditor.QuickSearchModule:UnityEditor.Search:ASIAI0B -> (ImportResultId: 'b24f647f98a0c501fc006d694a7cb465') in 0.0022521 seconds
[Worker0] Imported GUID: 4b518b37798c97b0f860962cbf615533 - Path: Packages/com.unity.modules.unitywebrequestaudio/package.json - Importer: ScriptedImporter/UnityEditor.QuickSearchModule:UnityEditor.Search:ASIAI0B -> (ImportResultId: '39b31189d9e146416a0ac24c720c18cd') in 0.0023414 seconds
[Worker0] Imported GUID: ec737041edec4a5b93f7953a6ffe9f06 - Path: Packages/com.unity.multiplayer.center/Common/SelectedSolutionsData.cs - Importer: ScriptedImporter/UnityEditor.QuickSearchModule:UnityEditor.Search:ASIAI0B -> (ImportResultId: '459b7d3c68cd833781b6fd16fd84c4e4') in 0.0022169 seconds
[Worker0] Imported GUID: b5930dbc378b45d406aeb881f06b6dfa - Path: Packages/com.unity.modules.physicscore2d/package.json - Importer: ScriptedImporter/UnityEditor.QuickSearchModule:UnityEditor.Search:ASIAI0B -> (ImportResultId: '1787dac91940dbb91b65da0437b43777') in 0.0037785 seconds
[Worker0] Imported GUID: a1c42005fe7c5d78585a77ce396a5eea - Path: Packages/com.unity.modules.tilemap/package.ModuleCompilationTrigger - Importer: ScriptedImporter/UnityEditor.QuickSearchModule:UnityEditor.Search:ASIAI0B -> (ImportResultId: '1ecfd5ac7f333d2e83748c68b36b5d4d') in 0.0025042 seconds
[Worker0] Imported GUID: e9faa4a7023c43c5805642250c703f48 - Path: Packages/com.unity.multiplayer.center/Editor/Analytics/OnboardingSectionAnalyticsProvider.cs - Importer: ScriptedImporter/UnityEditor.QuickSearchModule:UnityEditor.Search:ASIAI0B -> (ImportResultId: '88689dced66289e86b11b7d369d17ef8') in 0.0024031 seconds
[Worker0] Imported GUID: fcbb62ff857b4cf49e74f5f9aca6e8d6 - Path: Packages/com.unity.multiplayer.center/Editor/OnBoarding/SectionsFinder.cs - Importer: ScriptedImporter/UnityEditor.QuickSearchModule:UnityEditor.Search:ASIAI0B -> (ImportResultId: 'cd5585ac48cba64d3405a93e511c8a50') in 0.0030434 seconds
[Worker0] Imported GUID: cbb1a39d56ce4d9ac1a46ac505893fa7 - Path: Packages/com.unity.modules.terrainphysics/package.ModuleCompilationTrigger - Importer: ScriptedImporter/UnityEditor.QuickSearchModule:UnityEditor.Search:ASIAI0B -> (ImportResultId: '249b99ae80815e9eb5329174aa8abf0d') in 0.002058 seconds
[Worker0] Imported GUID: cd561f5f687aed43bf280c27a84f79e3 - Path: Packages/com.unity.modules.screencapture/package.ModuleCompilationTrigger - Importer: ScriptedImporter/UnityEditor.QuickSearchModule:UnityEditor.Search:ASIAI0B -> (ImportResultId: '02fcbefb633490cc7d4b164002718b8c') in 0.0027687 seconds
[Worker0] Imported GUID: 1b6246f2248883964991eac9e9b4817c - Path: Packages/com.unity.modules.umbra/package.ModuleCompilationTrigger - Importer: ScriptedImporter/UnityEditor.QuickSearchModule:UnityEditor.Search:ASIAI0B -> (ImportResultId: '8676faabd131463bf20519ac1bc4c149') in 0.0037332 seconds
[Worker0] Imported GUID: c8f6fa942856442b8bd72594d3ce7363 - Path: Packages/com.unity.multiplayer.center/Third Party Notices.md - Importer: ScriptedImporter/UnityEditor.QuickSearchModule:UnityEditor.Search:ASIAI0B -> (ImportResultId: 'baa8bcf6b51865056c34555f21c42744') in 0.0028674 seconds
[Worker0] Imported GUID: 40bf3cec17fa0b49fe04443c8332d638 - Path: Packages/com.unity.modules.jsonserialize/package.json - Importer: ScriptedImporter/UnityEditor.QuickSearchModule:UnityEditor.Search:ASIAI0B -> (ImportResultId: '159a21100db0fc2ba8ae0a0f7c80564f') in 0.0024976 seconds
[Worker0] Imported GUID: 042dc296246916648e55a43d0eeb2036 - Path: Packages/com.unity.modules.audio/package.ModuleCompilationTrigger - Importer: ScriptedImporter/UnityEditor.QuickSearchModule:UnityEditor.Search:ASIAI0B -> (ImportResultId: 'c13d4e72550a907b3a703e75b13d116a') in 0.003192 seconds
[Worker0] Imported GUID: d3cbe921f7b3d9a3257e7c61a5761796 - Path: Packages/com.unity.modules.terrainphysics/package.json - Importer: ScriptedImporter/UnityEditor.QuickSearchModule:UnityEditor.Search:ASIAI0B -> (ImportResultId: '9ebab024147d3c50be5e717e519706ec') in 0.0029455 seconds
[Worker0] Imported GUID: 14e86f88e9a8c9c448d7e7df92f2aeec - Path: Packages/com.unity.modules.physicscore2d/package.ModuleCompilationTrigger - Importer: ScriptedImporter/UnityEditor.QuickSearchModule:UnityEditor.Search:ASIAI0B -> (ImportResultId: '0ecdeb0cc68d3ceb4fb3fc8c4da28f29') in 0.0031451 seconds
[Worker0] Imported GUID: 51566b3736df4282bbe76645014b0cc5 - Path: Packages/com.unity.multiplayer.center/Editor/AssemblyInfo.cs - Importer: ScriptedImporter/UnityEditor.QuickSearchModule:UnityEditor.Search:ASIAI0B -> (ImportResultId: 'd06c4d40f4d705cca7071143e88aa67f') in 0.0026985 seconds
[Worker0] Imported GUID: 4cee1dc929764056ac40ece91efef712 - Path: Packages/com.unity.multiplayer.center/Editor/Analytics/AnalyticsData.cs - Importer: ScriptedImporter/UnityEditor.QuickSearchModule:UnityEditor.Search:ASIAI0B -> (ImportResultId: 'ae65854024ca3efdc8de4728e8688de3') in 0.0023396 seconds
[Worker0] Imported GUID: d0e3ad91972c66f5238f5b9b7d5ae58a - Path: Packages/com.unity.modules.unitywebrequesttexture/package.json - Importer: ScriptedImporter/UnityEditor.QuickSearchModule:UnityEditor.Search:ASIAI0B -> (ImportResultId: '5317621e5dcd3a1a191ba6d8c7952cc7') in 0.0026508 seconds
[Worker0] Imported GUID: 3bbd27b3dd7be4a74aeab8da6b0af5cc - Path: Packages/com.unity.multiplayer.center/CHANGELOG.md - Importer: ScriptedImporter/UnityEditor.QuickSearchModule:UnityEditor.Search:ASIAI0B -> (ImportResultId: 'de9be012e92614e62a2e7432a0576afb') in 0.002911 seconds
[Worker0] Imported GUID: 42fe78c8fe682715a2cb531422e6ccb3 - Path: Packages/com.unity.modules.imgui/package.json - Importer: ScriptedImporter/UnityEditor.QuickSearchModule:UnityEditor.Search:ASIAI0B -> (ImportResultId: 'c7961040b863ceada2a36da3c16df476') in 0.0036318 seconds
[Worker0] Imported GUID: dd20f32039084a12a8e48dffd4d58f48 - Path: Packages/com.unity.multiplayer.center/Editor/Analytics/DebugAnalytics.cs - Importer: ScriptedImporter/UnityEditor.QuickSearchModule:UnityEditor.Search:ASIAI0B -> (ImportResultId: 'f6fb897d528dcb67f9c4c6643e051b25') in 0.0025848 seconds
[Worker0] Imported GUID: e6a135e3ea9cb46795d1b0e05ac3e1e5 - Path: Packages/com.unity.modules.jsonserialize/package.ModuleCompilationTrigger - Importer: ScriptedImporter/UnityEditor.QuickSearchModule:UnityEditor.Search:ASIAI0B -> (ImportResultId: '2f81fbd58cb8b5de9da97fad2af5ef29') in 0.0024335 seconds
[Worker0] Imported GUID: 71136fc5cf34f2cc10be0e33c0b08019 - Path: Packages/com.unity.modules.unityanalytics/package.ModuleCompilationTrigger - Importer: ScriptedImporter/UnityEditor.QuickSearchModule:UnityEditor.Search:ASIAI0B -> (ImportResultId: '4feba0219759246d797456d55402a3bd') in 0.0024223 seconds
[Worker0] Imported GUID: 8bce0b24c28e45d884acfcf49a3b8945 - Path: Packages/com.unity.multiplayer.center/Editor/Analytics/MultiplayerCenterAnalyticsFactory.cs - Importer: ScriptedImporter/UnityEditor.QuickSearchModule:UnityEditor.Search:ASIAI0B -> (ImportResultId: 'e540faa3911d2de46a7b0dad60d6ddec') in 0.0021948 seconds
[Worker0] Imported GUID: fa27413e9edb06a6058d6c894eca0338 - Path: Packages/com.unity.modules.unitywebrequestwww/package.json - Importer: ScriptedImporter/UnityEditor.QuickSearchModule:UnityEditor.Search:ASIAI0B -> (ImportResultId: 'b8a4884e3066a5f206d073e2de2b06d3') in 0.0035745 seconds
[Worker0] Imported GUID: d2c2caab1f2642afa6c07dec054fd34f - Path: Packages/com.unity.multiplayer.center/Editor/OnBoarding/GettingStartedTabView.cs - Importer: ScriptedImporter/UnityEditor.QuickSearchModule:UnityEditor.Search:ASIAI0B -> (ImportResultId: 'd28ef4357adce4de51dda0f2a3e32d26') in 0.0026944 seconds
[Worker0] Imported GUID: 322b0121d39f45208a3d933e6926a9d8 - Path: Packages/com.unity.multiplayer.center/Editor/OnBoarding/QuickstartPackageHandling.cs - Importer: ScriptedImporter/UnityEditor.QuickSearchModule:UnityEditor.Search:ASIAI0B -> (ImportResultId: 'dc5bc9e2709a19aa853f8d8605a11ff6') in 0.0023156 seconds
[Worker0] Imported GUID: 26a4f29db434fd79025c91f6126382cc - Path: Packages/com.unity.modules.unityanalytics/package.json - Importer: ScriptedImporter/UnityEditor.QuickSearchModule:UnityEditor.Search:ASIAI0B -> (ImportResultId: 'aee8f2f72b737db68f837b9181eb743d') in 0.0032341 seconds
[Worker0] Imported GUID: 7e006510f5f4425ca971c7de0bfbb77a - Path: Packages/com.unity.multiplayer.center/Editor/MultiplayerCenterWindow/MultiplayerCenterWindow.cs - Importer: ScriptedImporter/UnityEditor.QuickSearchModule:UnityEditor.Search:ASIAI0B -> (ImportResultId: '946361bfd85f30f4461a4d002ec60f44') in 0.0027263 seconds
[Worker0] Imported GUID: fdefed6b790f4373b0feb7d25854d8ac - Path: Packages/com.unity.multiplayer.center/Editor/MultiplayerCenterWindow/TabGroup.cs - Importer: ScriptedImporter/UnityEditor.QuickSearchModule:UnityEditor.Search:ASIAI0B -> (ImportResultId: '4c4d8708dfada26d349ed21342e0417f') in 0.0025925 seconds
[Worker0] Imported GUID: 92a378669877c05c6071d0fed687bb95 - Path: Packages/com.unity.modules.tilemap/package.json - Importer: ScriptedImporter/UnityEditor.QuickSearchModule:UnityEditor.Search:ASIAI0B -> (ImportResultId: '993b569645af349d16de900d2f7911a7') in 0.0031708 seconds
[Worker0] Imported GUID: 157e1606dfbd48dda6f01acbf49435b0 - Path: Packages/com.unity.multiplayer.center/Editor/MultiplayerCenterWindow/UI/QuestionSection.cs - Importer: ScriptedImporter/UnityEditor.QuickSearchModule:UnityEditor.Search:ASIAI0B -> (ImportResultId: '9215d2aeacea3167372290bce2fd38c7') in 0.003209 seconds
[Worker0] Imported GUID: 525a6cca8dd9a4d28875a8fe824710d9 - Path: Packages/com.unity.multiplayer.center/Editor/MultiplayerCenterWindow/UI/Icons/d_Package.png - Importer: ScriptedImporter/UnityEditor.QuickSearchModule:UnityEditor.Search:ASIAI0B -> (ImportResultId: '241f57964667945556425f6e47ef5230') in 0.0469673 seconds
[Worker0] Imported GUID: ca560c7d2a0d4453a50ec4f704ce9ce1 - Path: Packages/com.unity.multiplayer.center/Tests/Editor/UtilsForRecommendationTests.cs - Importer: ScriptedImporter/UnityEditor.QuickSearchModule:UnityEditor.Search:ASIAI0B -> (ImportResultId: '6cde01ea87f683485a2e7bc513640ab1') in 0.0027542 seconds
[Worker0] Imported GUID: 29cbd1c6a8c9419aac357b8d4edbdc84 - Path: Packages/com.unity.multiplayer.center/Tests/Editor/QuickstartTabTests.cs - Importer: ScriptedImporter/UnityEditor.QuickSearchModule:UnityEditor.Search:ASIAI0B -> (ImportResultId: 'f8c926a3fa68a9002c66a2931e31cd29') in 0.0029295 seconds
[Worker0] Imported GUID: 3595bcaa1af84e6d92e07f0258a4256c - Path: Packages/com.unity.multiplayer.center/Editor/Questionnaire/PresetData.cs - Importer: ScriptedImporter/UnityEditor.QuickSearchModule:UnityEditor.Search:ASIAI0B -> (ImportResultId: 'fab0d3f1b5a10d7a93ba69f763856f1c') in 0.0041226 seconds
[Worker0] Imported GUID: dab91f148d99946e7b3c3a87ecf4b973 - Path: Packages/com.unity.multiplayer.center/Editor/MultiplayerCenterWindow/UI/Icons/d_Loading.png - Importer: ScriptedImporter/UnityEditor.QuickSearchModule:UnityEditor.Search:ASIAI0B -> (ImportResultId: '3c76d3799a8316f8d326b4231618812a') in 0.0052904 seconds
[Worker0] Imported GUID: cfc5ccd4416341629caf73dd3e318aac - Path: Packages/com.unity.multiplayer.center/Tests/Editor/UtilsForMultiplayerCenterTests.cs - Importer: ScriptedImporter/UnityEditor.QuickSearchModule:UnityEditor.Search:ASIAI0B -> (ImportResultId: '95c3259261ad27e716b2ab0fb23e952e') in 0.002507 seconds
[Worker0] Imported GUID: 1c3db2c484234a94a19c3acdc2539575 - Path: Packages/com.unity.multiplayer.center/Editor/MultiplayerCenterWindow/UI/StyleClasses.cs - Importer: ScriptedImporter/UnityEditor.QuickSearchModule:UnityEditor.Search:ASIAI0B -> (ImportResultId: '9503fae800b2c17356076a84b6d3632c') in 0.0036908 seconds
[Worker0] Imported GUID: ad1d29f4654194951a3c8bf507914d05 - Path: Packages/com.unity.multiplayer.center/Editor/MultiplayerCenterWindow/UI/Icons/CloudCode.png - Importer: ScriptedImporter/UnityEditor.QuickSearchModule:UnityEditor.Search:ASIAI0B -> (ImportResultId: '41c37beaadc63c049db46c53ccdb8727') in 0.007074 seconds
[Worker0] Imported GUID: f1ac2efb1bcd4dfd95dc196ed3c11367 - Path: Packages/com.unity.multiplayer.center/Editor/MultiplayerCenterWindow/UI/light.uss - Importer: ScriptedImporter/UnityEditor.QuickSearchModule:UnityEditor.Search:ASIAI0B -> (ImportResultId: '67c312e519bb81cc2d54891b78f3a5e7') in 0.0271104 seconds
[Worker0] Imported GUID: d7711b0cc806d430b8a95f1e33ec3649 - Path: Packages/com.unity.multiplayer.center/Editor/MultiplayerCenterWindow/UI/Icons/CustomNetcode@2x.png - Importer: ScriptedImporter/UnityEditor.QuickSearchModule:UnityEditor.Search:ASIAI0B -> (ImportResultId: '41e6f6eb9b27cae75d6c85329f09711c') in 0.0049874 seconds
[Worker0] Imported GUID: 7ca5cd79ef39442e599efb761abcbaac - Path: Packages/com.unity.multiplayer.center/Editor/Questionnaire/QuestionnaireData.cs - Importer: ScriptedImporter/UnityEditor.QuickSearchModule:UnityEditor.Search:ASIAI0B -> (ImportResultId: 'f9797301e444f3dc54fac86cc3c56dc8') in 0.0023167 seconds
[Worker0] Imported GUID: 787ec048daec145b580d1134da5dd278 - Path: Packages/com.unity.multiplayer.center/Tests/Editor/Unity.Multiplayer.Center.Editor.Tests.asmdef - Importer: ScriptedImporter/UnityEditor.QuickSearchModule:UnityEditor.Search:ASIAI0B -> (ImportResultId: 'd9e75b600c39e01b6364068ee150b071') in 0.0023619 seconds
[Worker0] Imported GUID: c2c1cf24bea5410ea530b2c8a875b293 - Path: Packages/com.unity.multiplayer.center/Tests/Editor/AnalyticsUtilsTests.cs - Importer: ScriptedImporter/UnityEditor.QuickSearchModule:UnityEditor.Search:ASIAI0B -> (ImportResultId: '9b8507df89069484dfaae733438ace7c') in 0.0030527 seconds
[Worker0] Imported GUID: 0d9328c739784454ad03d404f395a0ab - Path: Packages/com.unity.multiplayer.center/Editor/MultiplayerCenterWindow/UI/ViewUtils.cs - Importer: ScriptedImporter/UnityEditor.QuickSearchModule:UnityEditor.Search:ASIAI0B -> (ImportResultId: 'a65736d8cdd3a257503d552dfcf40a96') in 0.0039734 seconds
[Worker0] Imported GUID: 36b51591e13f48b5bed734724d149fb4 - Path: Packages/com.unity.multiplayer.center/Tests/Editor/RecommendationAnalyticsTests.cs - Importer: ScriptedImporter/UnityEditor.QuickSearchModule:UnityEditor.Search:ASIAI0B -> (ImportResultId: 'f3d857cac729c235303d5a6a770ac56d') in 0.0025331 seconds
[Worker0] Imported GUID: 8110dd6ddbc04e58b50978562ce0c00a - Path: Packages/com.unity.multiplayer.center/Tests/Editor/ExpectedPresetRecommendations.cs - Importer: ScriptedImporter/UnityEditor.QuickSearchModule:UnityEditor.Search:ASIAI0B -> (ImportResultId: 'eb89dda62757a9ecd22032e2bbcb18e1') in 0.0023502 seconds
[Worker0] Imported GUID: 1b4c88814ec6241eb8e327515399c006 - Path: Packages/com.unity.multiplayer.center/Editor/MultiplayerCenterWindow/UI/Icons/d_PackageManager.png - Importer: ScriptedImporter/UnityEditor.QuickSearchModule:UnityEditor.Search:ASIAI0B -> (ImportResultId: '6f4cf1663aa28c8b398e03bf2f80c6d6') in 0.0046057 seconds
[Worker0] Imported GUID: 6cfa81557736450abfb73264580451c1 - Path: Packages/com.unity.multiplayer.center/Tests/Editor/SectionHeaderTests.cs - Importer: ScriptedImporter/UnityEditor.QuickSearchModule:UnityEditor.Search:ASIAI0B -> (ImportResultId: 'f8164190950bf5352f3b645d7f56e62e') in 0.0026849 seconds
[Worker0] Imported GUID: 52a77c59214a4cb5a43fc7b0e097d832 - Path: Packages/com.unity.multiplayer.center/Editor/Recommendations/RecommendationUtils.cs - Importer: ScriptedImporter/UnityEditor.QuickSearchModule:UnityEditor.Search:ASIAI0B -> (ImportResultId: 'ea8c9221cce9b6c0b8180a739b29acca') in 0.0026981 seconds
[Worker0] Imported GUID: c3d3226643b94888b02e25de0a9de55f - Path: Packages/com.unity.multiplayer.center/Tests/Editor/UserVisibleTextTests.cs - Importer: ScriptedImporter/UnityEditor.QuickSearchModule:UnityEditor.Search:ASIAI0B -> (ImportResultId: 'f61e1b456c8bac338e3d2044daa5ddf6') in 0.0024709 seconds
[Worker0] Imported GUID: a1c995459c0d418c88dd274e04840c5d - Path: Packages/com.unity.multiplayer.center/Editor/Recommendations/RecommenderSystem.cs - Importer: ScriptedImporter/UnityEditor.QuickSearchModule:UnityEditor.Search:ASIAI0B -> (ImportResultId: 'a7dfe1f2e33d98a057c08c37ebc358ad') in 0.0022373 seconds
[Worker0] Imported GUID: e4439b4b4bb24a5eb61c59c5a67aa5a0 - Path: Packages/com.unity.multiplayer.center/Editor/MultiplayerCenterWindow/UI/QuestionViewFactory.cs - Importer: ScriptedImporter/UnityEditor.QuickSearchModule:UnityEditor.Search:ASIAI0B -> (ImportResultId: '221691d198a451a2c5a95edc59d36efd') in 0.0025067 seconds
[Worker0] Imported GUID: 38b78df4a34c94fa6a52c90239606ff1 - Path: Packages/com.unity.multiplayer.center/Editor/MultiplayerCenterWindow/UI/Icons/DedicatedServer@2x.png - Importer: ScriptedImporter/UnityEditor.QuickSearchModule:UnityEditor.Search:ASIAI0B -> (ImportResultId: '8fab7ad47b31a028d0472c4d2e71bf84') in 0.005997 seconds
[Worker0] Imported GUID: 0ddc3b8a12c84454b04e4d6bdd88241c - Path: Packages/com.unity.multiplayer.center/Editor/Recommendations/RecommendationViewData.cs - Importer: ScriptedImporter/UnityEditor.QuickSearchModule:UnityEditor.Search:ASIAI0B -> (ImportResultId: 'a3732a6b0fe700b6776e4d458ff6f6bf') in 0.0031943 seconds
[Worker0] Imported GUID: a23c0dd570fd44b57a03a8880002fcca - Path: Packages/com.unity.multiplayer.center/Editor/MultiplayerCenterWindow/UI/Icons/CloudCode@2x.png - Importer: ScriptedImporter/UnityEditor.QuickSearchModule:UnityEditor.Search:ASIAI0B -> (ImportResultId: '39db9e885d5f515f157366e8618aa559') in 0.0055417 seconds
[Worker0] Imported GUID: 741761e72e6f24446bd8ba03ea3d0261 - Path: Packages/com.unity.multiplayer.center/Editor/MultiplayerCenterWindow/UI/Icons/d_Questionnaire.png - Importer: ScriptedImporter/UnityEditor.QuickSearchModule:UnityEditor.Search:ASIAI0B -> (ImportResultId: 'b7081f0c1172b9add1963086e12bc143') in 0.0046156 seconds
[Worker0] Imported GUID: d63245ece6d8f476c8c7ca24da9937f6 - Path: Packages/com.unity.multiplayer.center/Editor/MultiplayerCenterWindow/UI/Icons/DistributedAuthority.png - Importer: ScriptedImporter/UnityEditor.QuickSearchModule:UnityEditor.Search:ASIAI0B -> (ImportResultId: '2c07a450dd6288d18f7d3d81c1ac3849') in 0.0058284 seconds
[Worker0] Imported GUID: 3fe892784421e47f5aa40c2784a6cb3e - Path: Packages/com.unity.multiplayer.center/Editor/MultiplayerCenterWindow/UI/Icons/DedicatedServer.png - Importer: ScriptedImporter/UnityEditor.QuickSearchModule:UnityEditor.Search:ASIAI0B -> (ImportResultId: 'eecb7539fa20f2143492eee82bb4c081') in 0.0077096 seconds
[Worker0] Imported GUID: 29395f0639574c1fbc8b729aa257fb84 - Path: Packages/com.unity.multiplayer.center/Editor/MultiplayerCenterWindow/UI/Icons/d_Check.png - Importer: ScriptedImporter/UnityEditor.QuickSearchModule:UnityEditor.Search:ASIAI0B -> (ImportResultId: '5943a38d8bebdd60a5472b0ca9295adf') in 0.0075133 seconds
[Worker0] Imported GUID: a659150180ae3489ba41c71780ba3779 - Path: Packages/com.unity.multiplayer.center/Editor/Questionnaire/Questionnaire.questionnaire - Importer: ScriptedImporter/UnityEditor.QuickSearchModule:UnityEditor.Search:ASIAI0B -> (ImportResultId: '5e97cc2a4c571635d22ec94811519aa8') in 0.0028141 seconds
[Worker0] Imported GUID: b66d076cdcfe3b14388de66307a0e7ff - Path: Packages/com.unity.multiplayer.center/Editor/Recommendations/RecommendationData_6000.0.recommendations - Importer: ScriptedImporter/UnityEditor.QuickSearchModule:UnityEditor.Search:ASIAI0B -> (ImportResultId: '8d3e6be870ac9bd5cd4aa90eecfb9ded') in 0.0025072 seconds
[Worker0] Imported GUID: c37c4c45cacc46edb43b8c32617b3e34 - Path: Packages/com.unity.multiplayer.center/Tests/Editor/UtilsForGettingStartedTabTests.cs - Importer: ScriptedImporter/UnityEditor.QuickSearchModule:UnityEditor.Search:ASIAI0B -> (ImportResultId: '59581977e195bda01c049dc16cdc6325') in 0.0021379 seconds
[Worker0] Imported GUID: 77be953cf28de42a4ad8532539fef3f5 - Path: Packages/com.unity.multiplayer.center/Editor/MultiplayerCenterWindow/UI/Icons/d_PackageInstalled.png - Importer: ScriptedImporter/UnityEditor.QuickSearchModule:UnityEditor.Search:ASIAI0B -> (ImportResultId: '4ee783f209db4cc61f62c5b4236d1fe4') in 0.0062455 seconds
[Worker0] Imported GUID: 38a11839c22b4e67aa2e508d906edf65 - Path: Packages/com.unity.multiplayer.center/Editor/Recommendations/RecommenderSystemData.cs - Importer: ScriptedImporter/UnityEditor.QuickSearchModule:UnityEditor.Search:ASIAI0B -> (ImportResultId: 'd522f316bbbfe2c3880773006ec209af') in 0.0021303 seconds
[Worker0] Imported GUID: 5d117d33f89d41cd9123918383c9b981 - Path: Packages/com.unity.multiplayer.center/Editor/Questionnaire/QuestionnaireEditor.cs - Importer: ScriptedImporter/UnityEditor.QuickSearchModule:UnityEditor.Search:ASIAI0B -> (ImportResultId: '80042134248fd662bf453a92107b01d9') in 0.004506 seconds
[Worker0] Imported GUID: b46a48f780f84026b9d1e73ee1b0121d - Path: Packages/com.unity.multiplayer.center/Editor/Recommendations/RecommendationType.cs - Importer: ScriptedImporter/UnityEditor.QuickSearchModule:UnityEditor.Search:ASIAI0B -> (ImportResultId: '267d73a5f8e31ec697f16251aa1a179d') in 0.0020489 seconds
[Worker0] Imported GUID: 0354877031b64465ea7e5cafea1a2653 - Path: Packages/com.unity.multiplayer.center/Editor/MultiplayerCenterWindow/UI/Icons/DistributedAuthority@2x.png - Importer: ScriptedImporter/UnityEditor.QuickSearchModule:UnityEditor.Search:ASIAI0B -> (ImportResultId: '29ad8db11051a1f3018cf66a4910d14a') in 0.0074651 seconds
[Worker0] Imported GUID: 7456ea4ba2dcd48d3909b82e610f2048 - Path: Packages/com.unity.multiplayer.center/Tests/Runtime/PlaceholderTest.cs - Importer: ScriptedImporter/UnityEditor.QuickSearchModule:UnityEditor.Search:ASIAI0B -> (ImportResultId: '8bdca576e65281a5339afa734ac10540') in 0.0030278 seconds
[Worker0] Imported GUID: 89ffa359141b49fea9bfa6a1db3b18be - Path: Packages/com.unity.multiplayer.center/Tests/Editor/AssemblyInfo.cs - Importer: ScriptedImporter/UnityEditor.QuickSearchModule:UnityEditor.Search:ASIAI0B -> (ImportResultId: 'c307a94607fa7250ea111c271cbd7e32') in 0.0029587 seconds
[Worker0] Imported GUID: d9beb5106d424f23902054f76d4b673d - Path: Packages/com.unity.multiplayer.center/Editor/Questionnaire/Logic.cs - Importer: ScriptedImporter/UnityEditor.QuickSearchModule:UnityEditor.Search:ASIAI0B -> (ImportResultId: 'e1f43c9c10f8593b6ffe82c53a3a3612') in 0.0025584 seconds
[Worker0] Imported GUID: 23342257960b4b618e6f7c444137663c - Path: Packages/com.unity.multiplayer.center/Editor/Recommendations/PreReleaseHandling.cs - Importer: ScriptedImporter/UnityEditor.QuickSearchModule:UnityEditor.Search:ASIAI0B -> (ImportResultId: '3c309a34ccf89f72cbf419d1f933ad65') in 0.0024818 seconds
[Worker0] Imported GUID: 15513aed5d41411c887ccfe14c103337 - Path: Packages/com.unity.multiplayer.center/Tests/Editor/UserChoicesMigrationTests.cs - Importer: ScriptedImporter/UnityEditor.QuickSearchModule:UnityEditor.Search:ASIAI0B -> (ImportResultId: '61726f5461306e93907dbdc0f828dad2') in 0.0030003 seconds
[Worker0] Imported GUID: f526d484b0c04a1896c469f31c713786 - Path: Packages/com.unity.multiplayer.center/Editor/Recommendations/Scoring.cs - Importer: ScriptedImporter/UnityEditor.QuickSearchModule:UnityEditor.Search:ASIAI0B -> (ImportResultId: 'e3b821c0ec22a99b021b20438843d824') in 0.0024981 seconds
[Worker0] Imported GUID: c3677cd9ede84e78b2fff6331c6301da - Path: Packages/com.unity.multiplayer.center/Editor/Questionnaire/QuestionnaireObject.cs - Importer: ScriptedImporter/UnityEditor.QuickSearchModule:UnityEditor.Search:ASIAI0B -> (ImportResultId: '70de89f177f2386f8d799a56347ee187') in 0.0021852 seconds
[Worker0] Imported GUID: 0efb92c924574ec59b71b9185a6ed8fb - Path: Packages/com.unity.multiplayer.center/Tests/Editor/RecommendationTests.cs - Importer: ScriptedImporter/UnityEditor.QuickSearchModule:UnityEditor.Search:ASIAI0B -> (ImportResultId: '2dafe2d3088fbb78d42a0250fc7ced77') in 0.0025183 seconds
[Worker0] Imported GUID: 4f78a544322c742b89e63fb68557b1d2 - Path: Packages/com.unity.multiplayer.center/Editor/MultiplayerCenterWindow/UI/Icons/Check.png - Importer: ScriptedImporter/UnityEditor.QuickSearchModule:UnityEditor.Search:ASIAI0B -> (ImportResultId: 'dd10c84f502b67a68e11d78594adcddc') in 0.0056328 seconds
[Worker0] Imported GUID: 284da2a38ea043d69e1a38fd8a22bec9 - Path: Packages/com.unity.multiplayer.center/Tests/Editor/RecommenderSystemTests.cs - Importer: ScriptedImporter/UnityEditor.QuickSearchModule:UnityEditor.Search:ASIAI0B -> (ImportResultId: '1fe7509955960c5afd046164f1a83b2a') in 0.0034429 seconds
[Worker0] Imported GUID: dce12af736e0a4a1ba35d6424f897dc9 - Path: Packages/com.unity.multiplayer.center/Editor/MultiplayerCenterWindow/UI/Icons/CustomNetcode.png - Importer: ScriptedImporter/UnityEditor.QuickSearchModule:UnityEditor.Search:ASIAI0B -> (ImportResultId: '9158e4c4b5dc522c8812775d85f02db9') in 0.0049114 seconds
[Worker0] Imported GUID: b2ce704e56cc84fb3b347499263c6244 - Path: Packages/com.unity.multiplayer.center/Editor/MultiplayerCenterWindow/UI/Icons/ClientHosted.png - Importer: ScriptedImporter/UnityEditor.QuickSearchModule:UnityEditor.Search:ASIAI0B -> (ImportResultId: '845c9be380da00f6bcdc79ef7d09ed89') in 0.0050538 seconds
[Worker0] Imported GUID: bac00d6e07f0b4305bb395363c89d92b - Path: Packages/com.unity.multiplayer.center/Editor/MultiplayerCenterWindow/UI/MultiplayerCenterWindow.uss - Importer: ScriptedImporter/UnityEditor.QuickSearchModule:UnityEditor.Search:ASIAI0B -> (ImportResultId: '26af14fea54f78758d9b44f709c281b3') in 0.015563 seconds
[Worker0] Imported GUID: b6a02e450cd04bb781e7728f2056251c - Path: Packages/com.unity.multiplayer.center/Editor/Recommendations/RecommenderSystemDataObject.cs - Importer: ScriptedImporter/UnityEditor.QuickSearchModule:UnityEditor.Search:ASIAI0B -> (ImportResultId: 'd47f4671e7f0102c453e90277d76bd99') in 0.0037322 seconds
[Worker0] Imported GUID: a6fd0c627f5aa48fa81512221e70a11e - Path: Packages/com.unity.multiplayer.center/Editor/MultiplayerCenterWindow/UI/Icons/d_PackageManager@2x.png - Importer: ScriptedImporter/UnityEditor.QuickSearchModule:UnityEditor.Search:ASIAI0B -> (ImportResultId: '42915e89387535dffbdfdaca735229f5') in 0.0078676 seconds
[Worker0] Imported GUID: 2664430aff4254d79887d32c3fc1e221 - Path: Packages/com.unity.multiplayer.center/Tests/Runtime/Unity.Multiplayer.Center.Tests.asmdef - Importer: ScriptedImporter/UnityEditor.QuickSearchModule:UnityEditor.Search:ASIAI0B -> (ImportResultId: '1d1f9679790ea80f7527dbe8edd5f729') in 0.0033636 seconds
[Worker0] Imported GUID: 18cde282a8d045bf9d245fdcfaa7271b - Path: Packages/com.unity.multiplayer.center/Editor/Questionnaire/UserChoicesObject.cs - Importer: ScriptedImporter/UnityEditor.QuickSearchModule:UnityEditor.Search:ASIAI0B -> (ImportResultId: 'ddf983cea42791d02c3406c27149a43f') in 0.0034005 seconds
[Worker0] Imported GUID: 318df756abab5463e9aa361360784865 - Path: Packages/com.unity.multiplayer.center/Editor/MultiplayerCenterWindow/UI/Icons/d_PackageInstalled@2x.png - Importer: ScriptedImporter/UnityEditor.QuickSearchModule:UnityEditor.Search:ASIAI0B -> (ImportResultId: '3285a2c2b0307b65b294dcaf1bccce84') in 0.0064742 seconds
[Worker0] Imported GUID: 84e4bbd00035e4671bf14e0380a89001 - Path: Packages/com.unity.multiplayer.center/Editor/MultiplayerCenterWindow/UI/Icons/EmptyViewIcon.png - Importer: ScriptedImporter/UnityEditor.QuickSearchModule:UnityEditor.Search:ASIAI0B -> (ImportResultId: '55425c0a3d43c247060e737dbb013b69') in 0.0084687 seconds
[Worker0] Imported GUID: 71b3035ad4d343cbbe033e93369d187e - Path: Packages/com.unity.multiplayer.center/Editor/Recommendations/RecommendationAuthoringData.cs - Importer: ScriptedImporter/UnityEditor.QuickSearchModule:UnityEditor.Search:ASIAI0B -> (ImportResultId: 'd5bfd6d381c343c671ecdd3910c4408a') in 0.0041024 seconds
[Worker0] Imported GUID: 1984cd07fe96417f9e88f5771f6b4b32 - Path: Packages/com.unity.multiplayer.center/Editor/MultiplayerCenterWindow/UI/dark.uss - Importer: ScriptedImporter/UnityEditor.QuickSearchModule:UnityEditor.Search:ASIAI0B -> (ImportResultId: '6705ec9388d610cf32ff8007f5d494d1') in 0.0047913 seconds
[Worker0] Imported GUID: bcf305fff4614e26a6979b63e954f6d6 - Path: Packages/com.unity.multiplayer.center/Editor/MultiplayerCenterWindow/UI/QuestionnaireView.cs - Importer: ScriptedImporter/UnityEditor.QuickSearchModule:UnityEditor.Search:ASIAI0B -> (ImportResultId: '05b5b944d52751a2eca889a76f481a10') in 0.0023778 seconds
[Worker0] Imported GUID: ea491f91a8b84866ad13371715bf90c8 - Path: Packages/com.unity.multiplayer.center/Tests/Editor/LogicTests.cs - Importer: ScriptedImporter/UnityEditor.QuickSearchModule:UnityEditor.Search:ASIAI0B -> (ImportResultId: 'b234a453d2e60d777d9166f210a1650d') in 0.0019243 seconds
[Worker0] Imported GUID: 470a2d15035f44b7b2888a0db0704bff - Path: Packages/com.unity.multiplayer.center/Tests/Editor/TabGroupTests.cs - Importer: ScriptedImporter/UnityEditor.QuickSearchModule:UnityEditor.Search:ASIAI0B -> (ImportResultId: 'a5f460d994d9f36241740d6b1f310dae') in 0.0024699 seconds
[Worker0] Imported GUID: 2adffcc506285402aa795dee6f3166d0 - Path: Packages/com.unity.multiplayer.center/Editor/MultiplayerCenterWindow/UI/Icons/EmptyViewIcon@2x.png - Importer: ScriptedImporter/UnityEditor.QuickSearchModule:UnityEditor.Search:ASIAI0B -> (ImportResultId: '9e605e197e6bbd57268ee120228edc24') in 0.0063524 seconds
[Worker0] Imported GUID: c7a38e6eccbfc49778cb8b77f594a971 - Path: Packages/com.unity.multiplayer.center/Editor/MultiplayerCenterWindow/UI/Icons/ClientHosted@2x.png - Importer: ScriptedImporter/UnityEditor.QuickSearchModule:UnityEditor.Search:ASIAI0B -> (ImportResultId: 'ad617799ccba6dd69bfb30364190e90b') in 0.0041686 seconds
[Worker0] Imported GUID: 679f9999c6f8f497e806a2d5d0511879 - Path: Packages/com.unity.multiplayer.center/Editor/MultiplayerCenterWindow/UI/Icons/PackageManager.png - Importer: ScriptedImporter/UnityEditor.QuickSearchModule:UnityEditor.Search:ASIAI0B -> (ImportResultId: '828abc0d46f2328e68aa728fee9cff14') in 0.0074361 seconds
[Worker0] Imported GUID: 96d14b71b907bb52333b2886e665aba6 - Path: Packages/com.unity.modules.video/package.json - Importer: ScriptedImporter/UnityEditor.QuickSearchModule:UnityEditor.Search:ASIAI0B -> (ImportResultId: 'c9286fb9bce56554f5b9a2607982e028') in 0.0035629 seconds
[Worker0] Imported GUID: fe6a6957b37b61417b457a1e0541791d - Path: Packages/com.unity.modules.physics2d/package.ModuleCompilationTrigger - Importer: ScriptedImporter/UnityEditor.QuickSearchModule:UnityEditor.Search:ASIAI0B -> (ImportResultId: 'ac4277f7cd7509d42c60dd4e96103351') in 0.0043349 seconds
[Worker0] Imported GUID: 5262b119dc3e4259a40e6d93c8ea1048 - Path: Packages/com.unity.multiplayer.center/Editor/MultiplayerCenterWindow/UI/RecommendationView/PackageSelectionView.cs - Importer: ScriptedImporter/UnityEditor.QuickSearchModule:UnityEditor.Search:ASIAI0B -> (ImportResultId: '29e55c47594b1e599b36e5ce9262b42e') in 0.0026347 seconds
[Worker0] Imported GUID: 4745d06d5a7ca576dcf9e5e67b417652 - Path: Packages/com.unity.modules.accessibility/package.ModuleCompilationTrigger - Importer: ScriptedImporter/UnityEditor.QuickSearchModule:UnityEditor.Search:ASIAI0B -> (ImportResultId: 'b104de1785b441ac388240a0416f0fcf') in 0.002573 seconds
[Worker0] Imported GUID: f1e4f3f59aa446bfb097357fa8ad4a8b - Path: Packages/com.unity.multiplayer.center/Editor/MultiplayerCenterWindow/UI/RecommendationView/SolutionSelectionView.cs - Importer: ScriptedImporter/UnityEditor.QuickSearchModule:UnityEditor.Search:ASIAI0B -> (ImportResultId: 'af34890814017fe42fc5636a6c108fc5') in 0.0027537 seconds
[Worker0] Imported GUID: 9b1a5759726ef9d39a0ab82047b615f1 - Path: Packages/com.unity.modules.hierarchycore/package.json - Importer: ScriptedImporter/UnityEditor.QuickSearchModule:UnityEditor.Search:ASIAI0B -> (ImportResultId: '4ed3572c75c2545420dcc9b48dd1651d') in 0.0033086 seconds
[Worker0] Imported GUID: c82e859b16636ddd2ca4a1f63fd34938 - Path: Packages/com.unity.modules.androidjni/package.ModuleCompilationTrigger - Importer: ScriptedImporter/UnityEditor.QuickSearchModule:UnityEditor.Search:ASIAI0B -> (ImportResultId: '8fdc2cc1608270d2810a34494cf010f8') in 0.0027154 seconds
[Worker0] Imported GUID: 0423146d9f51c4563a0f2a8200b6cd38 - Path: Packages/com.unity.multiplayer.center/Editor/MultiplayerCenterWindow/UI/Icons/PackageInstalled@2x.png - Importer: ScriptedImporter/UnityEditor.QuickSearchModule:UnityEditor.Search:ASIAI0B -> (ImportResultId: 'cc244b0e61d81acaffcc49c19f6951df') in 0.0046865 seconds
[Worker0] Imported GUID: 4c413a81cadcce7038e446e56570117e - Path: Packages/com.unity.modules.adaptiveperformance/package.json - Importer: ScriptedImporter/UnityEditor.QuickSearchModule:UnityEditor.Search:ASIAI0B -> (ImportResultId: '66a72101f178ef01056d2c331e7febcf') in 0.0026931 seconds
[Worker0] Imported GUID: 8d4bc6bfa28760b29f13174d6b6ea710 - Path: Packages/com.unity.modules.subsystems/package.ModuleCompilationTrigger - Importer: ScriptedImporter/UnityEditor.QuickSearchModule:UnityEditor.Search:ASIAI0B -> (ImportResultId: 'e75d78e7b20179c29bb0b3d7e8ad6e15') in 0.003149 seconds
[Worker0] Imported GUID: 082fbee38a82835433261a5e9c00e267 - Path: Packages/com.unity.modules.cloth/package.ModuleCompilationTrigger - Importer: ScriptedImporter/UnityEditor.QuickSearchModule:UnityEditor.Search:ASIAI0B -> (ImportResultId: 'f66ec2b2675f9bcc2e9a70042fab80fe') in 0.002877 seconds
[Worker0] Imported GUID: 51fa60bb2bd1e5bc74e8cc95a7bfd5b7 - Path: Packages/com.unity.modules.ui/package.ModuleCompilationTrigger - Importer: ScriptedImporter/UnityEditor.QuickSearchModule:UnityEditor.Search:ASIAI0B -> (ImportResultId: '930a7d87a823a1558b98375b1050dba1') in 0.0028523 seconds
[Worker0] Imported GUID: 424a8de5def3b46dcb08edd00ad1c7bd - Path: Packages/com.unity.multiplayer.center/Editor/MultiplayerCenterWindow/UI/Icons/Loading.png - Importer: ScriptedImporter/UnityEditor.QuickSearchModule:UnityEditor.Search:ASIAI0B -> (ImportResultId: '2aee8f554b71cfc037703a6913a52b73') in 0.0056488 seconds
[Worker0] Imported GUID: 17f093324b67f5bd57e55b546736750e - Path: Packages/com.unity.modules.particlesystem/package.ModuleCompilationTrigger - Importer: ScriptedImporter/UnityEditor.QuickSearchModule:UnityEditor.Search:ASIAI0B -> (ImportResultId: '2d37a03b85cdcd8ec22d65b6c44e658b') in 0.0021457 seconds
[Worker0] Imported GUID: 87d720faa37005c08600090e04d8c739 - Path: Packages/com.unity.modules.particlesystem/package.json - Importer: ScriptedImporter/UnityEditor.QuickSearchModule:UnityEditor.Search:ASIAI0B -> (ImportResultId: 'fd4194c74d67df3800fae0efe11859f0') in 0.0034956 seconds
[Worker0] Imported GUID: 83b28bcaaf34b4fd580114fb05d9f160 - Path: Packages/com.unity.multiplayer.center/Editor/MultiplayerCenterWindow/UI/Icons/NGO@2x.png - Importer: ScriptedImporter/UnityEditor.QuickSearchModule:UnityEditor.Search:ASIAI0B -> (ImportResultId: 'f406f69591d77b0a025395ad235e56ec') in 0.0050547 seconds
[Worker0] Imported GUID: e2d09a26ce46dc617b54e49a534ace20 - Path: Packages/com.unity.modules.ai/package.ModuleCompilationTrigger - Importer: ScriptedImporter/UnityEditor.QuickSearchModule:UnityEditor.Search:ASIAI0B -> (ImportResultId: '6fea42ddfdd1c57f95a645e00ebe8022') in 0.0021244 seconds
[Worker0] Imported GUID: c88e90bad18cceb5d182d0c805883056 - Path: Packages/com.unity.modules.director/package.ModuleCompilationTrigger - Importer: ScriptedImporter/UnityEditor.QuickSearchModule:UnityEditor.Search:ASIAI0B -> (ImportResultId: 'cd77f42fe9cc68b16e569586b6060693') in 0.0024024 seconds
[Worker0] Imported GUID: dd70cd654275d47db807e918055e004f - Path: Packages/com.unity.multiplayer.center/Editor/MultiplayerCenterWindow/UI/Icons/Questionnaire.png - Importer: ScriptedImporter/UnityEditor.QuickSearchModule:UnityEditor.Search:ASIAI0B -> (ImportResultId: '42dd8e48dad9a891e35027ffa480417b') in 0.005956 seconds
[Worker0] Imported GUID: 906c12bc9cd95d3963c6d58f62522c78 - Path: Packages/com.unity.modules.cloth/package.json - Importer: ScriptedImporter/UnityEditor.QuickSearchModule:UnityEditor.Search:ASIAI0B -> (ImportResultId: '4973bf79e4d2dfac586a4eb0b020505b') in 0.0028934 seconds
[Worker0] Imported GUID: a2c71c02b50345e99168bda191ec01b4 - Path: Packages/com.unity.multiplayer.center/Editor/MultiplayerCenterWindow/UI/RecommendationView/RecommendationView.cs - Importer: ScriptedImporter/UnityEditor.QuickSearchModule:UnityEditor.Search:ASIAI0B -> (ImportResultId: 'eb832bd76d7b9251126aced8f542c4c7') in 0.0025804 seconds
[Worker0] Imported GUID: 1af35a910338381f753e8a985eb5daab - Path: Packages/com.unity.modules.adaptiveperformance/package.ModuleCompilationTrigger - Importer: ScriptedImporter/UnityEditor.QuickSearchModule:UnityEditor.Search:ASIAI0B -> (ImportResultId: 'dfaa210c239e84f3f6e72a12638a111f') in 0.002547 seconds
[Worker0] Imported GUID: 43674d438e19b89d7fe6af07234f3252 - Path: Packages/com.unity.modules.accessibility/package.json - Importer: ScriptedImporter/UnityEditor.QuickSearchModule:UnityEditor.Search:ASIAI0B -> (ImportResultId: 'eea35b1b0b70a58d3e6ec48265d18729') in 0.0027075 seconds
[Worker0] Imported GUID: 2adec19fac7df68adf1fd6eb83197bb1 - Path: Packages/com.unity.modules.wind/package.ModuleCompilationTrigger - Importer: ScriptedImporter/UnityEditor.QuickSearchModule:UnityEditor.Search:ASIAI0B -> (ImportResultId: '3352f9341f2e5968802bef6d253eb345') in 0.00434 seconds
[Worker0] Imported GUID: bfd567a3d1631a761bca9e99fa53d86d - Path: Packages/com.unity.modules.ui/package.json - Importer: ScriptedImporter/UnityEditor.QuickSearchModule:UnityEditor.Search:ASIAI0B -> (ImportResultId: '255107497c124d27ebd71870b224c30a') in 0.0039692 seconds
[Worker0] Imported GUID: d104359075a97392b803d3d5aebc77f7 - Path: Packages/com.unity.modules.hierarchycore/package.ModuleCompilationTrigger - Importer: ScriptedImporter/UnityEditor.QuickSearchModule:UnityEditor.Search:ASIAI0B -> (ImportResultId: '9692a34894947197470f94c47ebe447b') in 0.002535 seconds
[Worker0] Imported GUID: f62135e79edb837b2d2ee3c524da864c - Path: Packages/com.unity.modules.video/package.ModuleCompilationTrigger - Importer: ScriptedImporter/UnityEditor.QuickSearchModule:UnityEditor.Search:ASIAI0B -> (ImportResultId: '7a19026529b79aeae1008bd9f720a624') in 0.0023067 seconds
[Worker0] Imported GUID: 4616b2fa4acd1429e931835b80966c2a - Path: Packages/com.unity.multiplayer.center/Editor/MultiplayerCenterWindow/UI/Icons/PackageInstalled.png - Importer: ScriptedImporter/UnityEditor.QuickSearchModule:UnityEditor.Search:ASIAI0B -> (ImportResultId: '2f2a55ea6dbe8b2e3b072afe06609f68') in 0.0066514 seconds
[Worker0] Imported GUID: f7a8357347c80dc69c08d0b1a05e2122 - Path: Packages/com.unity.modules.physics2d/package.json - Importer: ScriptedImporter/UnityEditor.QuickSearchModule:UnityEditor.Search:ASIAI0B -> (ImportResultId: 'f48583990999ffee176fa194844fa308') in 0.0026204 seconds
[Worker0] Imported GUID: 05f7f519769978b79b31d063a7fc6fa1 - Path: Packages/com.unity.modules.unitywebrequestassetbundle/package.json - Importer: ScriptedImporter/UnityEditor.QuickSearchModule:UnityEditor.Search:ASIAI0B -> (ImportResultId: 'ccc9131e55204ac554010bfe4ee268dc') in 0.0027801 seconds
[Worker0] Imported GUID: e9669051ff70449b5923861e0e0b8838 - Path: Packages/com.unity.multiplayer.center/Editor/MultiplayerCenterWindow/UI/Icons/N4E.png - Importer: ScriptedImporter/UnityEditor.QuickSearchModule:UnityEditor.Search:ASIAI0B -> (ImportResultId: 'a4b5b5c6626843624795166dafc202c4') in 0.0055837 seconds
[Worker0] Imported GUID: 5c1ee4056d0ac7ad3c5a16597fcaa38a - Path: Packages/com.unity.modules.physics/package.ModuleCompilationTrigger - Importer: ScriptedImporter/UnityEditor.QuickSearchModule:UnityEditor.Search:ASIAI0B -> (ImportResultId: 'afa44ea1fed5bed958983ed533988b92') in 0.0037287 seconds
[Worker0] Imported GUID: 1daed49eec0f94f7ebb36dfef6159884 - Path: Packages/com.unity.multiplayer.center/Editor/MultiplayerCenterWindow/UI/Icons/NoNetcode.png - Importer: ScriptedImporter/UnityEditor.QuickSearchModule:UnityEditor.Search:ASIAI0B -> (ImportResultId: 'b9d6109bfae7246114495ab875d141e9') in 0.00597 seconds
[Worker0] Imported GUID: e5c46c19ce0ce2e0103aa6f82df1043a - Path: Packages/com.unity.modules.vehicles/package.ModuleCompilationTrigger - Importer: ScriptedImporter/UnityEditor.QuickSearchModule:UnityEditor.Search:ASIAI0B -> (ImportResultId: '4ce31dd72fe1e31b58928e7017052749') in 0.0041186 seconds
[Worker0] Imported GUID: 830a36a23cf3ab1e61fa47940a6dc35e - Path: Packages/com.unity.modules.imageconversion/package.ModuleCompilationTrigger - Importer: ScriptedImporter/UnityEditor.QuickSearchModule:UnityEditor.Search:ASIAI0B -> (ImportResultId: '2b92be93b211e7d8c25a3f0142d1e840') in 0.0032858 seconds
[Worker0] Imported GUID: db8e609a39b9b231fccc54e5fa4cbd1b - Path: Packages/com.unity.modules.animation/package.ModuleCompilationTrigger - Importer: ScriptedImporter/UnityEditor.QuickSearchModule:UnityEditor.Search:ASIAI0B -> (ImportResultId: '82c935ca58b4fe82c8c1e61c885f80f8') in 0.0024591 seconds
[Worker0] Imported GUID: 953fab16d15d5885b3600fcd6388b2ad - Path: Packages/com.unity.modules.imageconversion/package.json - Importer: ScriptedImporter/UnityEditor.QuickSearchModule:UnityEditor.Search:ASIAI0B -> (ImportResultId: '175c7636a587f74ad68da01a0aced56b') in 0.0034063 seconds
[Worker0] Imported GUID: 1a4266815e998967becf686f9c71f0a6 - Path: Packages/com.unity.modules.physics/package.json - Importer: ScriptedImporter/UnityEditor.QuickSearchModule:UnityEditor.Search:ASIAI0B -> (ImportResultId: '3ec6c4222691d46aed48b6d3c1113cb9') in 0.0031955 seconds
[Worker0] Imported GUID: 6afb166a156df2d20433d981f4bb2832 - Path: Packages/com.unity.modules.vehicles/package.json - Importer: ScriptedImporter/UnityEditor.QuickSearchModule:UnityEditor.Search:ASIAI0B -> (ImportResultId: '1e8511979807af90edd3a5d2716e396d') in 0.002655 seconds
[Worker0] Imported GUID: ec02776fe29df900b897106d61977735 - Path: Packages/com.unity.modules.director/package.json - Importer: ScriptedImporter/UnityEditor.QuickSearchModule:UnityEditor.Search:ASIAI0B -> (ImportResultId: 'fc9cb76e03dc42c033c0598feaa40c92') in 0.0032327 seconds
[Worker0] Imported GUID: b58a826ca804e4c67bab4283ad5a6102 - Path: Packages/com.unity.multiplayer.center/Editor/MultiplayerCenterWindow/UI/Icons/NoNetcode@2x.png - Importer: ScriptedImporter/UnityEditor.QuickSearchModule:UnityEditor.Search:ASIAI0B -> (ImportResultId: 'e5ff9e0a96c888d1c4f3f65412542ede') in 0.0059108 seconds
[Worker0] Imported GUID: bd1af0a6633ee94ae21c7d1d702cdc12 - Path: Packages/com.unity.modules.androidjni/package.json - Importer: ScriptedImporter/UnityEditor.QuickSearchModule:UnityEditor.Search:ASIAI0B -> (ImportResultId: '34f343926fffdca1656f11cd6f41e295') in 0.0030411 seconds
[Worker0] Imported GUID: 7ef8348b8ea834d7e1bc214b07f7fb87 - Path: Packages/com.unity.modules.animation/package.json - Importer: ScriptedImporter/UnityEditor.QuickSearchModule:UnityEditor.Search:ASIAI0B -> (ImportResultId: 'ecd4170854ea302bebcddae0d36d8dae') in 0.002751 seconds
[Worker0] Imported GUID: 7610600f5c83e01041a6fe849d39279f - Path: Packages/com.unity.modules.unitywebrequestassetbundle/package.ModuleCompilationTrigger - Importer: ScriptedImporter/UnityEditor.QuickSearchModule:UnityEditor.Search:ASIAI0B -> (ImportResultId: '73e1e130eb73db9198254f850df0be1e') in 0.0028921 seconds
[Worker0] Imported GUID: f0f13f2ab3d6d13cfc6e4656824bfca8 - Path: Packages/com.unity.modules.ai/package.json - Importer: ScriptedImporter/UnityEditor.QuickSearchModule:UnityEditor.Search:ASIAI0B -> (ImportResultId: '8f81ebaf861ede6d1158320d7e39a1d7') in 0.0035642 seconds
[Worker0] Imported GUID: 99da7b3894f364efdb5fa1443952a55d - Path: Packages/com.unity.multiplayer.center/Editor/MultiplayerCenterWindow/UI/Icons/NGO.png - Importer: ScriptedImporter/UnityEditor.QuickSearchModule:UnityEditor.Search:ASIAI0B -> (ImportResultId: '188f30a8d0480ea962372cf5939d323c') in 0.0060798 seconds
[Worker0] Imported GUID: 281e16dfc02f4a86bf924188eb96b176 - Path: Packages/com.unity.multiplayer.center/Editor/MultiplayerCenterWindow/UI/RecommendationView/RecommendationItemView.cs - Importer: ScriptedImporter/UnityEditor.QuickSearchModule:UnityEditor.Search:ASIAI0B -> (ImportResultId: '99f746c0e4a5bd51f4699219a234587c') in 0.002617 seconds
[Worker0] Imported GUID: b83f06ac0c0696e9563230865ca72b81 - Path: Packages/com.unity.modules.wind/package.json - Importer: ScriptedImporter/UnityEditor.QuickSearchModule:UnityEditor.Search:ASIAI0B -> (ImportResultId: 'd2fcb72d75e812cc80d5254c8cadc390') in 0.003334 seconds
[Worker0] Imported GUID: 2cb589d4e01184d928bb698f06e77561 - Path: Packages/com.unity.multiplayer.center/Editor/MultiplayerCenterWindow/UI/Icons/N4E@2x.png - Importer: ScriptedImporter/UnityEditor.QuickSearchModule:UnityEditor.Search:ASIAI0B -> (ImportResultId: '10f557cbf00df4ca3fc2080d79c8e34b') in 0.0051285 seconds
[Worker0] Imported GUID: 9d9689eab72c8480c90679f4dcf18820 - Path: Packages/com.unity.multiplayer.center/Editor/MultiplayerCenterWindow/UI/Icons/Package.png - Importer: ScriptedImporter/UnityEditor.QuickSearchModule:UnityEditor.Search:ASIAI0B -> (ImportResultId: '6ea9f0a98939a7d0807036e7b0a7198c') in 0.0046133 seconds
[Worker0] Imported GUID: 30b312a167534621b316172253b08723 - Path: Packages/com.unity.modules.subsystems/package.json - Importer: ScriptedImporter/UnityEditor.QuickSearchModule:UnityEditor.Search:ASIAI0B -> (ImportResultId: '86700be95e3caff1ea420b1e5d80aa0a') in 0.0027118 seconds
[Worker0] Imported GUID: 63314900d81e4a15814496af1889cb51 - Path: Packages/com.unity.multiplayer.center/Editor/MultiplayerCenterWindow/UI/RecommendationView/SectionHeader.cs - Importer: ScriptedImporter/UnityEditor.QuickSearchModule:UnityEditor.Search:ASIAI0B -> (ImportResultId: 'e671f4dfaadb181165d7887a0fcf5a4a') in 0.0028678 seconds
[Worker0] Imported GUID: 9431e8221045c4af189b2fa7174b9e9f - Path: Packages/com.unity.multiplayer.center/Editor/MultiplayerCenterWindow/UI/Icons/PackageManager@2x.png - Importer: ScriptedImporter/UnityEditor.QuickSearchModule:UnityEditor.Search:ASIAI0B -> (ImportResultId: 'f784a0c9254ff73441108e55c4e0ef0d') in 0.0051976 seconds
[Worker0] Imported GUID: 3cc1ebf2abb7fef6871ad48f499b6e21 - Path: Packages/com.unity.modules.vectorgraphics/package.ModuleCompilationTrigger - Importer: ScriptedImporter/UnityEditor.QuickSearchModule:UnityEditor.Search:ASIAI0B -> (ImportResultId: 'c8fa685f17f781eacafb6d84ec3bcf9a') in 0.0037881 seconds
[Worker0] Imported GUID: d2ec2d1228c8e67cdd913cb5609176a2 - Path: Packages/com.unity.modules.unitywebrequest/package.ModuleCompilationTrigger - Importer: ScriptedImporter/UnityEditor.QuickSearchModule:UnityEditor.Search:ASIAI0B -> (ImportResultId: 'c21409ead445eff9e3b36c373c27b535') in 0.002362 seconds
[Worker0] Imported GUID: 3fdd83b151eb8d25c5e2f82fc39dcb04 - Path: Packages/com.unity.modules.unitywebrequest/package.json - Importer: ScriptedImporter/UnityEditor.QuickSearchModule:UnityEditor.Search:ASIAI0B -> (ImportResultId: '7d9822aa6c28b989a111bfcea443cfde') in 0.0029531 seconds
[Worker0] Imported GUID: 78e5667e52329c3ceef41288763404ae - Path: Packages/com.unity.modules.vectorgraphics/package.json - Importer: ScriptedImporter/UnityEditor.QuickSearchModule:UnityEditor.Search:ASIAI0B -> (ImportResultId: 'cdbc3480d09b4fac47fa69fac10cc98e') in 0.0029049 seconds
[Licensing::Client] Successfully resolved entitlement details
[Licensing::Client] Successfully resolved entitlement details
[Licensing::Client] Successfully resolved entitlement details
[Licensing::Client] Successfully resolved entitlement details
[Licensing::Client] Successfully resolved entitlement details
Worker ready: AssetImportWorkerHW1 1
[Licensing::Client] Successfully resolved entitlement details
Worker ready: AssetImportWorkerHW2 2
[Licensing::Client] Successfully resolved entitlement details
[Licensing::Client] Successfully resolved entitlement details
[Licensing::Client] Successfully resolved entitlement details
[Licensing::Client] Successfully resolved entitlement details
[Licensing::Client] Successfully resolved entitlement details
[Licensing::Client] Successfully resolved entitlement details
[Licensing::Client] Successfully resolved entitlement details
[Licensing::Client] Successfully resolved entitlement details
TrimDiskCacheJob: Current cache size 0mb
Asset Pipeline Refresh (id=14cbd445491fcf646946427667d0c880): Total: 0.005 seconds - Initiated by RefreshV2(AllowForceSynchronousImport)
MonoPathRemapper: Attempts to remap: 4137; Successful remaps: 568
Serialized file version minimum: 23, current 23
[LAYOUT] About to save layout C:\Users\Michael\OneDrive\Documenten\GitHub\realtest-Unity\UserSettings\Layouts\default-6000.dwlt
[LAYOUT] About to save layout C:/Users/Michael/AppData/Roaming/Unity/Editor-5.x/Preferences\Layouts\current\default-6000.dwlt
[Physics::Module] Cleanup current backend.
[Physics::Module] Id: 0xf2b8ea05
Input System module state changed to: ShutdownInProgress.
Input Polling Thread exited.
Input System module state changed to: Shutdown.
[Licensing::IpcConnector] LicenseClient-Michael-6000.5.1-notifications channel disconnected successfully.
[Licensing::IpcConnector] LicenseClient-Michael-6000.5.1 channel disconnected successfully.
Shut down.
AcceleratorClientConnectionCallback - disconnected - :0
Cleanup mono
CodeReloadManager destroyed
abort_threads: Failed aborting id: 0000000000000908, mono_thread_manage will ignore it

abort_threads: Failed aborting id: 0000000000003A28, mono_thread_manage will ignore it

abort_threads: Failed aborting id: 0000000000000908, mono_thread_manage will ignore it

abort_threads: Failed aborting id: 0000000000003A28, mono_thread_manage will ignore it

debugger-agent: Unable to listen on 4352
Checking for leaked weakptr:
  Found no leaked weakptrs.
[Package Manager] Server process was shutdown
##utp:{"type":"MemoryLeaks","version":2,"phase":"Immediate","time":1783015378915,"processId":22032,"allocatedMemory":46763582,"memoryLabels":[{"Default":174553},{"Permanent":15516},{"NewDelete":67453},{"Thread":4197560},{"Manager":35077},{"VertexData":8},{"Geometry":816},{"Texture":24},{"Shader":847124},{"Material":24},{"GfxDevice":55328},{"Animation":952},{"Audio":1256},{"FreeType":8},{"FontEngine":736},{"Physics":2146},{"Physics2D":16},{"Serialization":49032},{"Input":42840},{"JobScheduler":256},{"TextLib":41892},{"Mono":48},{"ScriptingNativeRuntime":707732},{"BaseObject":1676177},{"Resource":1208},{"Renderer":3080},{"Transform":4685},{"File":4021},{"WebCam":616},{"Culling":32},{"Terrain":11442},{"Wind":24},{"STL":40},{"String":9816},{"StaticString":3808},{"Utility":2674506},{"Curl":48},{"PoolAlloc":2168},{"AI":80},{"TypeTree":19589},{"CodeReload":448},{"RuntimeInitializeOnLoadManager":64},{"Sprites":102},{"SpriteAtlas":120},{"GI":7816},{"Director":8296},{"CloudService":7096},{"WebRequest":11733},{"VR":47114},{"SceneManager":608},{"Video":208},{"LazyScriptCache":32},{"NativeArray":33050688},{"Camera":238993},{"Secure":265},{"Image":65536},{"SerializationCache":1576},{"APIUpdating":10320},{"Subsystems":336},{"VirtualTexturing":57888},{"StaticSafetyDebugInfo":278528},{"Analytics":552},{"Hierarchy":1176},{"UIElements":1293624},{"CoreStats":13688},{"Identifiers":13536},{"Gui":267608},{"EditorUtility":185378},{"VersionControl":8},{"Undo":931},{"AssetDatabase":495793},{"AssetImporter":40},{"EditorGi":328},{"UnityConnect":35345},{"Upm":1988},{"UpmDiagnostics":8},{"AssetCompliance":64},{"DrivenProperties":72},{"LocalIPC":213},{"ProfilerEditor":9746},{"CoreBusinessMetrics":2900},{"Windowing":456},{"Licensing":664},{"AssetReference":32},{"IPCStream":32}]}
